100,0.026177,-0.010886,0.3941,0.02835
200,0.073789,0.0404,-0.50093,0.084124
300,0.14772,0.065213,-0.41574,0.16147
400,0.23551,0.075011,-0.30835,0.24717
500,0.313,0.073553,-0.2308,0.32153
600,0.39172,0.066382,-0.16787,0.39731
700,0.46923,0.054466,-0.11556,0.47238
800,0.54519,0.041184,-0.075398,0.54674
900,0.61691,0.028445,-0.046077,0.61756
1000,0.67968,0.016623,-0.024452,0.67988
1100,0.73509,0.0070438,-0.0095819,0.73513
1200,0.78329,-0.00020506,0.0002618,0.78329
1300,0.82577,-0.0047561,0.0057596,0.82578
1400,0.86258,-0.0066845,0.0077493,0.86261
1500,0.89516,-0.0058589,0.006545,0.89518
1600,0.92209,-0.0023175,0.0025133,0.9221
1700,0.94192,0.0028112,-0.0029845,0.94193
1800,0.95888,0.0093387,-0.0097389,0.95892
1900,0.97292,0.018069,-0.01857,0.97309
2000,0.98329,0.028771,-0.029252,0.98371
2100,0.9907,0.039912,-0.040265,0.9915
2200,0.99363,0.052978,-0.053267,0.99504
2300,0.99648,0.064789,-0.064926,0.99858
2400,0.99702,0.077206,-0.077283,1
2500,0.99598,0.089537,-0.089658,1
2600,0.9941,0.10192,-0.10217,0.99931
2700,0.99244,0.11365,-0.11402,0.99893
2800,0.99071,0.12568,-0.12619,0.99865
2900,0.98903,0.13835,-0.13898,0.99866
3000,0.98559,0.15053,-0.15156,0.99702
3100,0.98256,0.16196,-0.16336,0.99581
3200,0.97917,0.17371,-0.17558,0.99446
3300,0.97564,0.18484,-0.18724,0.99299
3400,0.97075,0.19605,-0.19928,0.99035
3500,0.96574,0.20744,-0.21159,0.98777
3600,0.96034,0.21817,-0.22338,0.98481
3700,0.95557,0.22848,-0.23469,0.9825
3800,0.95027,0.238,-0.24541,0.97962
3900,0.94629,0.24848,-0.25679,0.97837
4000,0.94055,0.25833,-0.26805,0.97538
4100,0.93559,0.26928,-0.28025,0.97357
4200,0.93004,0.2791,-0.29154,0.97102
4300,0.92437,0.28825,-0.30227,0.96827
4400,0.91793,0.29728,-0.3132,0.96487
4500,0.91225,0.30654,-0.32418,0.96237
4600,0.90638,0.31567,-0.33514,0.95978
4700,0.9008,0.325,-0.34626,0.95763
4800,0.89309,0.33333,-0.35722,0.95327
4900,0.88678,0.34205,-0.36814,0.95046
5000,0.88007,0.3499,-0.37842,0.94708
5100,0.87445,0.35851,-0.38909,0.94509
5200,0.86773,0.36628,-0.39942,0.94187
5300,0.86191,0.37516,-0.41054,0.94002
5400,0.85316,0.384,-0.42293,0.93559
5500,0.84666,0.39218,-0.43378,0.93308
5600,0.83885,0.39943,-0.4444,0.92909
5700,0.83119,0.40669,-0.45504,0.92535
5800,0.82418,0.41389,-0.46539,0.92227
5900,0.81787,0.42197,-0.47632,0.92031
6000,0.80967,0.4291,-0.48733,0.91635
6100,0.80202,0.4363,-0.49822,0.91301
6200,0.79396,0.44324,-0.50916,0.9093
6300,0.78541,0.44908,-0.51941,0.90473
6400,0.77826,0.45575,-0.52976,0.90188
6500,0.77107,0.46314,-0.54089,0.89947
6600,0.76376,0.46946,-0.55114,0.8965
6700,0.75521,0.47659,-0.56296,0.89302
6800,0.74974,0.48434,-0.57357,0.89258
6900,0.73838,0.48841,-0.58439,0.8853
7000,0.72836,0.49197,-0.59406,0.87894
7100,0.72291,0.499,-0.60416,0.87841
7200,0.71632,0.50547,-0.61451,0.87671
7300,0.70734,0.5104,-0.62505,0.87226
7400,0.69728,0.5153,-0.63643,0.86702
7500,0.68883,0.52017,-0.64678,0.86317
7600,0.68094,0.52532,-0.6571,0.86003
7700,0.67232,0.52982,-0.66741,0.85599
7800,0.66285,0.53346,-0.67766,0.85086
7900,0.65459,0.53761,-0.68759,0.84707
8000,0.64482,0.54195,-0.69893,0.84232
8100,0.63702,0.54624,-0.70883,0.83915
8200,0.62784,0.54886,-0.71838,0.83392
8300,0.61941,0.55238,-0.72826,0.82993
8400,0.61036,0.55618,-0.73899,0.82575
8500,0.60199,0.55858,-0.74801,0.82122
8600,0.5934,0.56203,-0.75826,0.81731
8700,0.58381,0.56405,-0.76819,0.81178
8800,0.57485,0.56723,-0.77873,0.80759
8900,0.56623,0.5693,-0.7881,0.80295
9000,0.55728,0.57226,-0.79866,0.79877
9100,0.54861,0.57382,-0.80786,0.79388
9200,0.53971,0.57548,-0.81746,0.78896
9300,0.5305,0.57777,-0.82802,0.78438
9400,0.52076,0.57794,-0.83739,0.77795
9500,0.51211,0.58002,-0.8475,0.77375
9600,0.50367,0.58149,-0.85699,0.76929
9700,0.49539,0.5826,-0.86612,0.76474
9800,0.48656,0.58412,-0.87626,0.76022
9900,0.47772,0.58509,-0.88609,0.75534
10000,0.46734,0.58494,-0.8967,0.74871
10100,0.45871,0.58501,2.2358,0.74438
10200,0.45008,0.58508,5.3681,0.73816
10300,0.44221,0.58656,5.3584,0.73458
10400,0.43355,0.58634,5.3491,0.72922
10500,0.42507,0.58609,5.3399,0.72401
10600,0.41559,0.58607,5.3292,0.71847
10700,0.40733,0.5855,5.3202,0.71325
10800,0.39862,0.58473,5.3107,0.70767
10900,0.39006,0.58359,5.3016,0.70194
11000,0.38276,0.58257,5.2937,0.69706
11100,0.37456,0.58149,5.2846,0.69168
11200,0.36569,0.57979,5.2751,0.68548
11300,0.35733,0.57917,5.2652,0.68053
11400,0.34985,0.57743,5.2571,0.67514
11500,0.34226,0.57551,5.2489,0.66959
11600,0.33472,0.57431,5.2401,0.66473
11700,0.32722,0.57324,5.2311,0.66006
11800,0.31965,0.5705,5.2231,0.65395
11900,0.31065,0.56785,5.213,0.64727
12000,0.3039,0.56582,5.2053,0.64226
12100,0.29612,0.56261,5.1969,0.63578
12200,0.28946,0.56118,5.1886,0.63144
12300,0.28251,0.55874,5.1805,0.6261
12400,0.27607,0.556,5.1733,0.62077
12500,0.2687,0.5532,5.1646,0.615
12600,0.26198,0.55031,5.1567,0.60949
12700,0.25589,0.54746,5.1496,0.60431
12800,0.24917,0.54464,5.1415,0.59893
12900,0.24308,0.54125,5.1345,0.59333
13000,0.23651,0.53698,5.1273,0.58676
13100,0.23049,0.53411,5.1198,0.58172
13200,0.22368,0.53018,5.1116,0.57544
13300,0.21801,0.52724,5.1045,0.57054
13400,0.21238,0.52353,5.0978,0.56497
13500,0.20688,0.51961,5.0913,0.55928
13600,0.20147,0.51573,5.0848,0.55368
13700,0.19632,0.51255,5.0782,0.54886
13800,0.19073,0.50794,5.0716,0.54257
13900,0.18505,0.5036,5.0645,0.53652
14000,0.18051,0.49988,5.0589,0.53147
14100,0.17583,0.49599,5.0531,0.52624
14200,0.17119,0.49198,5.0472,0.52091
14300,0.16693,0.48769,5.0422,0.51546
14400,0.16346,0.48441,5.0378,0.51125
14500,0.15822,0.47963,5.031,0.50506
14600,0.15462,0.47534,5.0269,0.49986
14700,0.15027,0.47177,5.0208,0.49512
14800,0.1464,0.46742,5.0159,0.48981
14900,0.14249,0.46299,5.0109,0.48442
15000,0.13929,0.4575,5.0079,0.47823
15100,0.13524,0.4533,5.0023,0.47305
15200,0.13215,0.4503,4.9978,0.46929
15300,0.12843,0.44506,4.9933,0.46322
15400,0.12552,0.44034,4.9901,0.45788
15500,0.12199,0.43491,4.9859,0.4517
15600,0.11986,0.43236,4.9828,0.44867
15700,0.11694,0.42711,4.9796,0.44283
15800,0.11368,0.42224,4.9754,0.43728
15900,0.11115,0.41763,4.9725,0.43217
16000,0.10878,0.41401,4.9693,0.42807
16100,0.10657,0.40818,4.9678,0.42187
16200,0.10391,0.40359,4.9644,0.41676
16300,0.10203,0.39975,4.9623,0.41256
16400,0.10058,0.39621,4.961,0.40878
16500,0.098737,0.39132,4.9595,0.40359
16600,0.097058,0.38749,4.9578,0.39946
16700,0.09513,0.38245,4.9562,0.39411
16800,0.093465,0.37799,4.9548,0.38937
16900,0.092942,0.3745,4.9557,0.38586
17000,0.091609,0.36979,4.9552,0.38096
17100,0.089973,0.36518,4.954,0.3761
17200,0.088924,0.3607,4.9541,0.3715
17300,0.088325,0.35784,4.9544,0.36858
17400,0.087421,0.35243,4.9555,0.36311
17500,0.086909,0.34881,4.9566,0.35947
17600,0.086214,0.34463,4.9575,0.35525
17700,0.085109,0.33893,4.9584,0.34945
17800,0.085239,0.33676,4.9603,0.34738
17900,0.085161,0.33388,4.9621,0.34457
18000,0.084697,0.32797,4.9651,0.33873
18100,0.084103,0.3252,4.9655,0.3359
18200,0.08439,0.32113,4.9694,0.33203
18300,0.084252,0.31856,4.9709,0.32952
18400,0.084605,0.31498,4.9748,0.32615
18500,0.084954,0.31142,4.9787,0.3228
18600,0.085248,0.30787,4.9825,0.31946
18700,0.085051,0.30403,4.9852,0.3157
18800,0.086128,0.30042,4.9916,0.31252
18900,0.085991,0.29683,4.9944,0.30904
19000,0.086872,0.2958,4.998,0.30829
19100,0.08679,0.28991,5.0033,0.30262
19200,0.087462,0.28805,5.0072,0.30104
19300,0.089328,0.2859,5.0152,0.29953
19400,0.089897,0.2826,5.0204,0.29656
19500,0.089714,0.27838,5.0242,0.29247
19600,0.091107,0.27621,5.031,0.29085
19700,0.092134,0.27314,5.0377,0.28826
19800,0.093218,0.27143,5.0432,0.28699
19900,0.09372,0.2671,5.0498,0.28306
20000,0.094923,0.26591,5.0553,0.28235
20100,0.096266,0.26389,5.0622,0.2809
20200,0.097474,0.26155,5.0691,0.27913
20300,0.098551,0.25883,5.0762,0.27695
20400,0.099809,0.25665,5.0833,0.27537
20500,0.10122,0.25483,5.0905,0.2742
20600,0.10239,0.2537,5.096,0.27358
20700,0.10322,0.25063,5.1031,0.27105
20800,0.10495,0.24855,5.1119,0.2698
20900,0.10607,0.24743,5.1174,0.26921
21000,0.10715,0.24504,5.1246,0.26745
21100,0.10876,0.2439,5.1318,0.26705
21200,0.10973,0.24149,5.1389,0.26526
21300,0.11156,0.24077,5.1463,0.26536
21400,0.11294,0.23912,5.1536,0.26445
21500,0.11391,0.23782,5.1591,0.26369
21600,0.1155,0.23663,5.1665,0.26332
21700,0.11765,0.2367,5.1737,0.26433
21800,0.11962,0.23635,5.1809,0.26489
21900,0.12032,0.23357,5.1881,0.26274
22000,0.12159,0.23291,5.1935,0.26274
22100,0.12385,0.2331,5.2008,0.26396
22200,0.12543,0.23307,5.2061,0.26468
22300,0.12613,0.23125,5.2117,0.26341
22400,0.12692,0.23156,5.2138,0.26406
22500,0.12846,0.23035,5.2211,0.26375
22600,0.12897,0.22936,5.2246,0.26314
22700,0.13162,0.23016,5.2319,0.26514
22800,0.133,0.22986,5.2369,0.26557
22900,0.13425,0.22925,5.2422,0.26567
23000,0.13586,0.22924,5.2474,0.26648
23100,0.13731,0.22889,5.2527,0.26692
23200,0.13862,0.22926,5.2562,0.26791
23300,0.13987,0.2296,5.2595,0.26885
23400,0.14096,0.22949,5.2632,0.26933
23500,0.14225,0.22978,5.2667,0.27025
23600,0.14318,0.22957,5.27,0.27056
23700,0.14415,0.23032,5.2716,0.27171
23800,0.14425,0.23135,5.2699,0.27263
23900,0.14526,0.23117,5.2734,0.27302
24000,0.14654,0.23149,5.2767,0.27398
24100,0.1469,0.23231,5.2763,0.27486
24200,0.14822,0.23259,5.2798,0.2758
24300,0.14983,0.2353,5.2794,0.27895
24400,0.15112,0.23559,5.2827,0.27989
24500,0.15185,0.23682,5.2826,0.28132
24600,0.1529,0.23842,5.2826,0.28324
24700,0.15179,0.23697,5.2821,0.28141
24800,0.15373,0.23909,5.2838,0.28425
24900,0.15413,0.23976,5.2837,0.28503
25000,0.15491,0.24206,5.2817,0.28739
25100,0.15579,0.24265,5.2832,0.28836
25200,0.15533,0.24373,5.2798,0.28901
25300,0.15617,0.2443,5.2812,0.28995
25400,0.15638,0.24572,5.2792,0.29126
25500,0.15602,0.24623,5.2772,0.2915
25600,0.15658,0.24706,5.2773,0.2925
25700,0.15713,0.24913,5.2751,0.29454
25800,0.15677,0.25039,5.2718,0.29542
25900,0.15751,0.25269,5.2698,0.29776
26000,0.15708,0.25308,5.2679,0.29787
26100,0.15733,0.25462,5.2659,0.2993
26200,0.15659,0.25449,5.264,0.29881
26300,0.1564,0.25628,5.2603,0.30023
26400,0.15682,0.25796,5.2586,0.30188
26500,0.15611,0.25903,5.2548,0.30244
26600,0.15562,0.26021,5.2514,0.3032
26700,0.15509,0.26142,5.2478,0.30397
26800,0.15486,0.26323,5.2442,0.30541
26900,0.15374,0.26445,5.239,0.30589
27000,0.153,0.26648,5.2336,0.30728
27100,0.15227,0.26742,5.23,0.30774
27200,0.15201,0.26921,5.2264,0.30917
27300,0.15128,0.27031,5.2226,0.30976
27400,0.15062,0.27163,5.2187,0.3106
27500,0.14966,0.27344,5.2132,0.31172
27600,0.14911,0.27476,5.2096,0.31261
27700,0.14793,0.27624,5.204,0.31336
27800,0.14679,0.27773,5.1986,0.31414
27900,0.14659,0.27992,5.1948,0.31598
28000,0.14497,0.27967,5.1906,0.31501
28100,0.14393,0.28153,5.185,0.31618
28200,0.14134,0.28161,5.1776,0.31509
28300,0.14083,0.28235,5.1751,0.31552
28400,0.13922,0.28431,5.1677,0.31656
28500,0.13857,0.28568,5.164,0.31751
28600,0.13695,0.2871,5.1575,0.3181
28700,0.13599,0.28818,5.1533,0.31866
28800,0.13373,0.28781,5.1473,0.31736
28900,0.13231,0.29065,5.1396,0.31935
29000,0.13026,0.29107,5.1332,0.31889
29100,0.12738,0.2898,5.1265,0.31656
29200,0.12716,0.2923,5.1227,0.31876
29300,0.12546,0.29263,5.1174,0.31839
29400,0.12354,0.29448,5.1096,0.31935
29500,0.12091,0.29301,5.1037,0.31697
29600,0.11919,0.29555,5.0957,0.31868
29700,0.11776,0.29686,5.09,0.31937
29800,0.11582,0.29903,5.0819,0.32067
29900,0.11286,0.29659,5.076,0.31733
30000,0.11207,0.2979,5.0722,0.31829
30100,0.11075,0.29987,5.0662,0.31967
30200,0.10689,0.29921,5.0555,0.31773
30300,0.10526,0.30059,5.0492,0.31849
30400,0.10312,0.30038,5.0431,0.31759
30500,0.1009,0.30226,5.0346,0.31866
30600,0.098708,0.3022,5.0281,0.31791
30700,0.09699,0.30345,5.0217,0.31857
30800,0.094343,0.30207,5.0151,0.31646
30900,0.092207,0.30231,5.0084,0.31606
31000,0.08999,0.30233,5.0017,0.31544
31100,0.087983,0.30315,4.9949,0.31566
31200,0.085438,0.30201,4.9881,0.31387
31300,0.08364,0.30186,4.9827,0.31324
31400,0.081343,0.30183,4.9756,0.3126
31500,0.079175,0.30266,4.9683,0.31284
31600,0.076838,0.30262,4.961,0.31222
31700,0.075018,0.30243,4.9555,0.3116
31800,0.072571,0.3023,4.948,0.31089
31900,0.070166,0.30197,4.9407,0.31002
32000,0.06769,0.30002,4.9343,0.30757
32100,0.065615,0.3016,4.9266,0.30865
32200,0.063182,0.29951,4.9203,0.3061
32300,0.060964,0.30091,4.9123,0.30702
32400,0.058467,0.29859,4.9058,0.30426
32500,0.056172,0.29851,4.8984,0.30375
32600,0.053852,0.29843,4.8909,0.30325
32700,0.051345,0.29772,4.8832,0.30212
32800,0.049034,0.29722,4.8759,0.30124
32900,0.046393,0.29552,4.8681,0.29914
33000,0.045154,0.29674,4.8634,0.30016
33100,0.043454,0.29595,4.8582,0.29912
33200,0.040575,0.29218,4.8504,0.29499
33300,0.038158,0.29192,4.8424,0.29441
33400,0.035573,0.29149,4.8338,0.29365
33500,0.03412,0.29212,4.8287,0.29411
33600,0.032247,0.28977,4.8232,0.29156
33700,0.029545,0.28781,4.8147,0.28933
33800,0.028856,0.28884,4.812,0.29028
33900,0.026053,0.28639,4.8031,0.28757
34000,0.024423,0.28712,4.7972,0.28815
34100,0.022533,0.28498,4.7913,0.28587
34200,0.019668,0.28268,4.7819,0.28336
34300,0.018631,0.27961,-1.5043,0.28023
34400,0.016731,0.27915,-1.5109,0.27965
34500,0.014845,0.27842,-1.5175,0.27882
34600,0.012926,0.27738,-1.5242,0.27768
34700,0.010977,0.27643,-1.5311,0.27665
34800,0.0089684,0.27396,-1.5381,0.2741
34900,0.0069957,0.27317,-1.5452,0.27326
35000,0.0058465,0.27032,-1.5492,0.27038
35100,0.0046851,0.26895,-1.5534,0.26899
35200,0.0026209,0.26672,-1.561,0.26673
35300,0.00050553,0.26573,-1.5689,0.26573
35400,-0.00067389,0.26446,-1.5733,0.26446
35500,-0.0018877,0.26188,-1.578,0.26189
35600,-0.0030947,0.26075,-1.5827,0.26076
35700,-0.0053308,0.25968,-1.5913,0.25974
35800,-0.0065447,0.25503,-1.5965,0.25512
35900,-0.007851,0.25392,-1.6017,0.25404
36000,-0.0091279,0.25133,-1.6071,0.25149
36100,-0.010622,0.25196,-1.6129,0.25219
36200,-0.011939,0.24874,-1.6188,0.24903
36300,-0.013416,0.24748,-1.625,0.24784
36400,-0.013845,0.24656,-1.6269,0.24695
36500,-0.015231,0.24359,-1.6332,0.24406
36600,-0.016596,0.24053,-1.6397,0.2411
36700,-0.017108,0.23773,-1.6426,0.23835
36800,-0.018661,0.23642,-1.6496,0.23716
36900,-0.019299,0.23489,-1.6528,0.23568
37000,-0.019826,0.23203,-1.656,0.23287
37100,-0.02145,0.23263,-1.6627,0.23362
37200,-0.022185,0.22935,-1.6672,0.23042
37300,-0.022762,0.22805,-1.6703,0.22918
37400,-0.023159,0.22323,-1.6742,0.22443
37500,-0.023959,0.22217,-1.6782,0.22346
37600,-0.024503,0.22061,-1.6814,0.22196
37700,-0.025098,0.21732,-1.6858,0.21876
37800,-0.026216,0.21811,-1.6904,0.21968
37900,-0.026863,0.21675,-1.6941,0.21841
38000,-0.026745,0.21339,-1.6955,0.21506
38100,-0.02746,0.2123,-1.6994,0.21407
38200,-0.028128,0.20908,-1.7045,0.21097
38300,-0.027666,0.20592,-1.7043,0.20777
38400,-0.027649,0.20447,-1.7052,0.20633
38500,-0.02929,0.20296,-1.7141,0.20506
38600,-0.029137,0.20007,-1.7154,0.20218
38700,-0.02916,0.19853,-1.7166,0.20066
38800,-0.028967,0.19719,-1.7167,0.19931
38900,-0.028802,0.1942,-1.718,0.19633
39000,-0.028919,0.19453,-1.7184,0.19666
39100,-0.028708,0.19109,-1.7199,0.19323
39200,-0.028597,0.18976,-1.7204,0.19191
39300,-0.028506,0.18851,-1.7209,0.19066
39400,-0.028355,0.18513,-1.7228,0.18729
39500,-0.028582,0.18578,-1.7234,0.18797
39600,-0.028116,0.18217,-1.7239,0.18432
39700,-0.028349,0.18274,-1.7247,0.18493
39800,-0.0283,0.17953,-1.7271,0.18175
39900,-0.028187,0.17808,-1.7278,0.1803
40000,-0.028131,0.17655,-1.7288,0.17878
40100,-0.028036,0.17493,-1.7297,0.17717
40200,-0.027778,0.17202,-1.7309,0.17425
40300,-0.027767,0.17042,-1.7323,0.17267
40400,-0.027711,0.16883,-1.7335,0.17109
40500,-0.025792,0.16763,-1.7235,0.16961
40600,-0.025831,0.16634,-1.7249,0.16833
40700,-0.0258,0.16457,-1.7263,0.16658
40800,-0.025835,0.16313,-1.7279,0.16517
40900,-0.025525,0.16171,-1.7274,0.16371
41000,-0.023918,0.1624,-1.717,0.16415
41100,-0.023666,0.15892,-1.7186,0.16067
41200,-0.023673,0.15927,-1.7183,0.16102
41300,-0.023739,0.15781,-1.7201,0.15958
41400,-0.022524,0.1564,-1.7138,0.15802
41500,-0.021361,0.15312,-1.7094,0.1546
41600,-0.021683,0.15346,-1.7112,0.15499
41700,-0.021461,0.15208,-1.711,0.15359
41800,-0.019245,0.15069,-1.6978,0.15191
41900,-0.019075,0.14711,-1.6997,0.14834
42000,-0.019116,0.1475,-1.6997,0.14874
42100,-0.018136,0.14813,-1.6926,0.14924
42200,-0.01694,0.1465,-1.6859,0.14748
42300,-0.016758,0.14501,-1.6858,0.14598
42400,-0.016108,0.14539,-1.6811,0.14628
42500,-0.014801,0.14597,-1.6719,0.14672
42600,-0.014715,0.14234,-1.6738,0.1431
42700,-0.014437,0.14257,-1.6717,0.1433
42800,-0.012745,0.14331,-1.6595,0.14388
42900,-0.012455,0.14346,-1.6574,0.144
43000,-0.012459,0.1396,-1.6598,0.14016
43100,-0.011112,0.14013,-1.6499,0.14057
43200,-0.010124,0.13656,-1.6448,0.13693
43300,-0.0098391,0.13693,-1.6425,0.13728
43400,-0.0098645,0.13698,-1.6427,0.13733
43500,-0.0075791,0.13339,-1.6276,0.13361
43600,-0.0073086,0.134,-1.6253,0.1342
43700,-0.0073104,0.1342,-1.6252,0.1344
43800,-0.0062563,0.13446,-1.6173,0.13461
43900,-0.0049314,0.13487,-1.6073,0.13496
44000,-0.0046363,0.1352,-1.6051,0.13528
44100,-0.0047766,0.13152,-1.6071,0.13161
44200,-0.0045044,0.13162,-1.605,0.1317
44300,-0.0021258,0.13209,-1.5869,0.13211
44400,-0.0021312,0.13243,-1.5869,0.13244
44500,-0.0021113,0.13263,-1.5867,0.13265
44600,-0.0018377,0.13294,-1.5846,0.13295
44700,-0.00044427,0.13327,-1.5741,0.13327
44800,0.00093316,0.13366,-1.5638,0.13367
44900,0.00064704,0.12962,-1.5658,0.12963
45000,0.00094357,0.12996,-1.5635,0.12996
45100,0.0012183,0.13022,-1.5614,0.13023
45200,0.0015188,0.13065,-1.5592,0.13066
45300,0.0017705,0.13072,-1.5573,0.13073
45400,0.0042847,0.13109,-1.5381,0.13116
45500,0.0043056,0.13131,-1.538,0.13138
45600,0.0043291,0.13161,-1.5379,0.13168
45700,0.0046098,0.13174,-1.5358,0.13182
45800,0.0049236,0.13213,-1.5336,0.13222
45900,0.0052117,0.13241,-1.5315,0.13251
46000,0.0054969,0.13259,-1.5294,0.1327
46100,0.0057887,0.1329,-1.5273,0.13303
46200,0.006082,0.13322,-1.5252,0.13336
46300,0.0063723,0.13344,-1.5231,0.13359
46400,0.0066609,0.13361,-1.521,0.13378
46500,0.0061958,0.12974,-1.5231,0.12989
46600,0.0064796,0.12998,-1.521,0.13014
46700,0.0067668,0.13025,-1.5189,0.13043
46800,0.0070511,0.13045,-1.5168,0.13064
46900,0.0073439,0.13078,-1.5147,0.13099
47000,0.0076284,0.13095,-1.5126,0.13117
47100,0.007923,0.13127,-1.5105,0.13151
47200,0.0081829,0.13138,-1.5086,0.13164
47300,0.0084918,0.13189,-1.5065,0.13216
47400,0.0087735,0.13195,-1.5044,0.13224
47500,0.0090694,0.13222,-1.5023,0.13253
47600,0.0090879,0.13259,-1.5024,0.1329
47700,0.0091008,0.13288,-1.5024,0.13319
47800,0.0082139,0.13311,-1.5092,0.13337
47900,0.0073281,0.13341,-1.5159,0.13361
48000,0.0076028,0.13373,-1.514,0.13394
48100,0.0078982,0.13397,-1.5119,0.1342
48200,0.008191,0.13415,-1.5098,0.1344
48300,0.0084606,0.13433,-1.5079,0.13459
48400,0.0087683,0.13472,-1.5058,0.135
48500,0.0062188,0.13276,-1.524,0.1329
48600,0.0060713,0.13078,-1.5244,0.13092
48700,0.0063599,0.13107,-1.5223,0.13122
48800,0.0066468,0.1313,-1.5202,0.13147
48900,0.0069058,0.13142,-1.5183,0.1316
49000,0.0060388,0.13177,-1.525,0.13191
49100,0.0051746,0.13229,-1.5317,0.13239
49200,0.004534,0.12779,-1.5353,0.12787
49300,0.0048205,0.12828,-1.5332,0.12837
49400,0.0050735,0.12844,-1.5313,0.12854
49500,0.0031624,0.1334,-1.5471,0.13344
49600,0.0034478,0.13363,-1.545,0.13367
49700,0.0032475,0.13156,-1.5461,0.1316
49800,0.0030481,0.12934,-1.5472,0.12938
49900,0.0021771,0.12992,-1.554,0.12994
50000,0.0012697,0.1299,-1.561,0.12991
50100,0.0015506,0.13064,-1.5589,0.13065
50200,0.00095386,0.13074,-1.5635,0.13075
50300,6.39E-05,0.13066,-1.5703,0.13066
50400,-0.00084935,0.13082,-1.5773,0.13082
50500,-0.00059981,0.13117,-1.5754,0.13117
50600,-0.0012732,0.13168,-1.5805,0.13168
50700,-0.00099957,0.13196,-1.5784,0.13196
50800,-0.0031128,0.13209,-1.5944,0.13212
50900,-0.0032834,0.13007,-1.596,0.13011
51000,-0.0034658,0.12792,-1.5979,0.12796
51100,-0.0032041,0.12817,-1.5958,0.12821
51200,-0.004656,0.12845,-1.607,0.12853
51300,-0.0060879,0.12862,-1.6181,0.12876
51400,-0.0058294,0.12887,-1.616,0.129
51500,-0.0061258,0.12894,-1.6183,0.12909
51600,-0.00642,0.12942,-1.6204,0.12957
51700,-0.0084896,0.12946,-1.6363,0.12974
51800,-0.0086893,0.12723,-1.639,0.12753
51900,-0.0088387,0.12508,-1.6413,0.12539
52000,-0.0086149,0.12534,-1.6394,0.12563
52100,-0.0095568,0.12546,-1.6468,0.12583
52200,-0.011626,0.12556,-1.6631,0.1261
52300,-0.012023,0.12573,-1.6661,0.12631
52400,-0.012449,0.12597,-1.6693,0.12659
52500,-0.012615,0.12381,-1.6723,0.12445
52600,-0.012776,0.12152,-1.6756,0.12219
52700,-0.012558,0.12168,-1.6736,0.12233
52800,-0.015942,0.12181,-1.7009,0.12285
52900,-0.015714,0.12189,-1.699,0.1229
53000,-0.016863,0.12187,-1.7083,0.12303
53100,-0.016669,0.1222,-1.7064,0.12333
53200,-0.016849,0.12002,-1.7103,0.1212
53300,-0.01699,0.11756,-1.7143,0.11878
53400,-0.017519,0.11776,-1.7185,0.11906
53500,-0.018037,0.11801,-1.7225,0.11938
53600,-0.019698,0.11792,-1.7363,0.11956
53700,-0.021362,0.11783,-1.7501,0.11975
53800,-0.021492,0.11543,-1.7549,0.11741
53900,-0.021662,0.11337,-1.7596,0.11542
54000,-0.021778,0.11099,-1.7645,0.11311
54100,-0.021832,0.10843,-1.7695,0.11061
54200,-0.022441,0.10851,-1.7747,0.1108
54300,-0.023096,0.1087,-1.7802,0.11112
54400,-0.023731,0.10873,-1.7857,0.11129
54500,-0.024335,0.10862,-1.7912,0.11131
54600,-0.024375,0.10598,-1.7969,0.10875
54700,-0.024532,0.10381,-1.8029,0.10667
54800,-0.024443,0.10433,-1.8009,0.10715
54900,-0.02589,0.10389,-1.815,0.10706
55000,-0.02602,0.10153,-1.8217,0.10481
55100,-0.026082,0.099108,-1.8281,0.10248
55200,-0.025967,0.099448,-1.8262,0.10278
55300,-0.026522,0.09939,-1.8316,0.10287
55400,-0.025401,0.099855,-1.8199,0.10304
55500,-0.025695,0.094614,-1.836,0.098041
55600,-0.025608,0.095011,-1.8341,0.098402
55700,-0.027242,0.094642,-1.8511,0.098484
55800,-0.027087,0.094789,-1.8491,0.098583
55900,-0.028835,0.094612,-1.8666,0.098908
56000,-0.028702,0.094767,-1.8649,0.099018
56100,-0.02891,0.089454,-1.8834,0.094009
56200,-0.026908,0.090249,-1.8606,0.094175
56300,-0.028734,0.089982,-1.8799,0.094459
56400,-0.028609,0.090187,-1.878,0.094616
56500,-0.028642,0.087445,-1.8873,0.092016
56600,-0.028626,0.084805,-1.8963,0.089506
56700,-0.026068,0.080487,-1.884,0.084603
56800,-0.026862,0.080226,-1.8939,0.084603
56900,-0.02678,0.080495,-1.892,0.084833
57000,-0.028755,0.080379,-1.9143,0.085368
57100,-0.026769,0.078091,-1.901,0.082552
57200,-0.025919,0.075745,-1.9005,0.080057
57300,-0.026783,0.075623,-1.9112,0.080226
57400,-0.026679,0.075751,-1.9094,0.080312
57500,-0.024986,0.070745,-1.9103,0.075028
57600,-0.024875,0.070826,-1.9086,0.075067
57700,-0.025848,0.070844,-1.9206,0.075412
57800,-0.023161,0.066138,-1.9076,0.070077
57900,-0.023054,0.066238,-1.9057,0.070135
58000,-0.02388,0.065794,-1.919,0.069994
58100,-0.024002,0.066156,-1.9188,0.070376
58200,-0.023031,0.066636,-1.9036,0.070504
58300,-0.023173,0.061016,-1.9338,0.065268
58400,-0.022266,0.061556,-1.9179,0.065459
58500,-0.02131,0.061974,-1.902,0.065536
58600,-0.022256,0.06168,-1.9171,0.065573
58700,-0.021425,0.059312,-1.9174,0.063063
58800,-0.019613,0.057266,-1.9008,0.060532
58900,-0.019552,0.057412,-1.899,0.06065
59000,-0.017819,0.055135,-1.8834,0.057943
59100,-0.017877,0.052316,-1.9001,0.055286
59200,-0.017802,0.052394,-1.8983,0.055336
59300,-0.015923,0.053082,-1.8622,0.055419
59400,-0.015879,0.053306,-1.8603,0.05562
59500,-0.01526,0.047774,-1.88,0.050152
59600,-0.014304,0.048097,-1.8599,0.050179
59700,-0.014257,0.048249,-1.8581,0.050312
59800,-0.012261,0.048956,-1.8162,0.050468
59900,-0.012179,0.048994,-1.8144,0.050485
60000,-0.012122,0.049129,-1.8127,0.050602
60100,-0.010726,0.0438,-1.811,0.045095
60200,-0.010662,0.043869,-1.8092,0.045146
60300,-0.0095239,0.044057,-1.7837,0.045075
60400,-0.0084342,0.044526,-1.758,0.045318
60500,-0.0083839,0.044644,-1.7564,0.045424
60600,-0.0052215,0.039459,-1.7024,0.039803
60700,-0.0051527,0.039415,-1.7008,0.03975
60800,-0.0039681,0.039714,-1.6704,0.039911
60900,-0.0027644,0.039892,-1.64,0.039988
61000,-0.0027071,0.039976,-1.6384,0.040068
61100,-0.00014794,0.039982,-1.5745,0.039982
61200,-7.86E-05,0.0402,-1.5728,0.0402
61300,-1.55E-05,0.040278,-1.5712,0.040278
61400,0.0027779,0.040209,-1.5018,0.040305
61500,0.0028508,0.040343,-1.5003,0.040444
61600,0.0040779,0.037392,-1.4622,0.037614
61700,0.0050841,0.034363,-1.4239,0.034737
61800,0.0051605,0.034464,-1.4222,0.034848
61900,0.0065706,0.034288,-1.3815,0.034912
62000,0.0079586,0.033985,-1.3408,0.034904
62100,0.0080372,0.034053,-1.339,0.034989
62200,0.0095231,0.033803,-1.2962,0.035118
62300,0.01098,0.0334,-1.2532,0.035158
62400,0.011041,0.033388,-1.2514,0.035166
62500,0.01256,0.032943,-1.2065,0.035256
62600,0.014059,0.03244,-1.1618,0.035355
62700,0.01437,0.032329,-1.1525,0.035379
62800,0.014696,0.032265,-1.1434,0.035454
62900,0.017389,0.031005,-1.0597,0.035549
63000,0.017468,0.031019,-1.0579,0.035599
63100,0.017534,0.03101,-1.0562,0.035624
63200,0.018882,0.030266,-1.013,0.035673
63300,0.020246,0.029525,-0.9697,0.0358
63400,0.02032,0.029521,-0.96796,0.035838
63500,0.023796,0.034456,-0.96639,0.041874
63600,0.023904,0.034484,-0.96464,0.041959
63700,0.026607,0.032579,-0.88596,0.042063
63800,0.026667,0.032536,-0.88422,0.042068
63900,0.026789,0.032558,-0.8823,0.042163
64000,0.026904,0.032594,-0.88073,0.042263
64100,0.027976,0.03178,-0.84896,0.042339
64200,0.029169,0.03078,-0.81228,0.042406
64300,0.029279,0.030789,-0.81053,0.042487
64400,0.029391,0.030799,-0.80879,0.042572
64500,0.031377,0.033084,-0.81187,0.045597
64600,0.033448,0.035487,-0.81496,0.048766
64700,0.035845,0.033274,-0.74822,0.048908
64800,0.035988,0.033302,-0.74665,0.049032
64900,0.03608,0.033271,-0.74491,0.049079
65000,0.035808,0.03372,-0.75538,0.049186
65100,0.035937,0.033723,-0.75363,0.049282
65200,0.036047,0.033721,-0.75206,0.049361
65300,0.036162,0.03371,-0.75032,0.049438
65400,0.040466,0.038404,-0.75925,0.055789
65500,0.041776,0.037333,-0.72929,0.056027
65600,0.042907,0.036116,-0.69967,0.056083
65700,0.043028,0.036077,-0.69775,0.056151
65800,0.042908,0.036318,-0.70241,0.056215
65900,0.042796,0.036554,-0.70689,0.056283
66000,0.042994,0.036593,-0.70515,0.056458
66100,0.043169,0.036625,-0.70358,0.056612
66200,0.045434,0.03885,-0.70743,0.059779
66300,0.047761,0.041174,-0.71147,0.063059
66400,0.047916,0.041176,-0.7099,0.063177
66500,0.048113,0.0412,-0.70815,0.063343
66600,0.048282,0.041199,-0.7064,0.06347
66700,0.047966,0.041638,-0.71489,0.063517
66800,0.048207,0.041699,-0.71314,0.06374
66900,0.048335,0.041663,-0.7114,0.063813
67000,0.048467,0.041644,-0.70983,0.0639
67100,0.050784,0.043888,-0.71269,0.06712
67200,0.052224,0.047577,-0.73887,0.070646
67300,0.051241,0.048728,-0.76027,0.070711
67400,0.05145,0.048756,-0.75852,0.070882
67500,0.051584,0.04873,-0.75695,0.070961
67600,0.053965,0.051127,-0.7584,0.074339
67700,0.056223,0.053458,-0.7602,0.077581
67800,0.05641,0.053449,-0.75845,0.077711
67900,0.056677,0.053514,-0.7567,0.077949
68000,0.05688,0.053519,-0.75496,0.0781
68100,0.057251,0.053698,-0.75339,0.078493
68200,0.056053,0.055033,-0.77622,0.078552
68300,0.054789,0.056305,-0.79905,0.078562
68400,0.054912,0.056255,-0.79748,0.078612
68500,0.055093,0.056264,-0.79591,0.078746
68600,0.055314,0.056291,-0.79416,0.07892
68700,0.055532,0.056336,-0.79259,0.079105
68800,0.055694,0.056304,-0.79084,0.079196
68900,0.057764,0.063709,-0.8343,0.085997
69000,0.058015,0.063785,-0.83273,0.086222
69100,0.058166,0.063727,-0.83099,0.086281
69200,0.058278,0.06367,-0.82959,0.086315
69300,0.058587,0.063785,-0.82784,0.086608
69400,0.057424,0.064989,-0.84711,0.086724
69500,0.05622,0.066151,-0.86638,0.086814
69600,0.05644,0.066176,-0.86464,0.086975
69700,0.056664,0.066228,-0.86307,0.08716
69800,0.056883,0.066249,-0.86132,0.087319
69900,0.057056,0.06624,-0.85975,0.087425
70000,0.055949,0.067406,-0.87801,0.0876
70100,0.054843,0.068608,-0.89644,0.087834
70200,0.054989,0.068594,-0.89504,0.087914
70300,0.05514,0.068561,-0.89347,0.087984
70400,0.055415,0.068657,-0.89172,0.088231
70500,0.052845,0.070877,-0.93012,0.088409
70600,0.052941,0.070747,-0.92838,0.088362
70700,0.053265,0.070948,-0.9268,0.088717
70800,0.053485,0.071008,-0.92523,0.088898
70900,0.053675,0.071002,-0.92349,0.089008
71000,0.051062,0.073169,-0.9615,0.089225
71100,0.051205,0.073128,-0.95993,0.089272
71200,0.051374,0.073125,-0.95836,0.089368
71300,0.05165,0.073272,-0.95679,0.089647
71400,0.050304,0.074173,-0.97485,0.089623
71500,0.049118,0.075318,-0.99292,0.089919
71600,0.049362,0.075404,-0.99117,0.090125
71700,0.049509,0.075371,-0.9896,0.090177
71800,0.049721,0.075435,-0.98803,0.090347
71900,0.048504,0.076489,-1.0057,0.090571
72000,0.046892,0.077635,-1.0274,0.090698
72100,0.046859,0.078005,-1.0298,0.090997
72200,0.047079,0.078094,-1.0283,0.091187
72300,0.047241,0.078083,-1.0267,0.091262
72400,0.045816,0.078942,-1.0449,0.091274
72500,0.044413,0.079873,-1.0633,0.09139
72600,0.044638,0.079981,-1.0618,0.091594
72700,0.044845,0.080023,-1.06,0.091732
72800,0.045071,0.080132,-1.0584,0.091937
72900,0.045222,0.080105,-1.0569,0.091988
73000,0.041845,0.082208,-1.1,0.092245
73100,0.041544,0.082479,-1.1042,0.092351
73200,0.041808,0.08268,-1.1026,0.092649
73300,0.042002,0.08274,-1.1011,0.09279
73400,0.042163,0.082735,-1.0995,0.092859
73500,0.042387,0.082852,-1.0979,0.093065
73600,0.040987,0.083817,-1.116,0.093302
73700,0.037489,0.081799,-1.1411,0.089981
73800,0.035652,0.078924,-1.1465,0.086603
73900,0.035746,0.078802,-1.1449,0.086531
74000,0.03588,0.078768,-1.1434,0.086555
74100,0.036106,0.078936,-1.1418,0.086802
74200,0.036278,0.078982,-1.1402,0.086916
74300,0.035844,0.079341,-1.1465,0.087062
74400,0.035418,0.079685,-1.1525,0.087201
74500,0.035615,0.07979,-1.151,0.087378
74600,0.032431,0.081092,-1.1903,0.087337
74700,0.032682,0.081347,-1.1888,0.087667
74800,0.032833,0.081353,-1.1872,0.087729
74900,0.031573,0.082028,-1.2034,0.087895
75000,0.031725,0.082037,-1.2018,0.087957
75100,0.032057,0.082511,-1.2002,0.088519
75200,0.032069,0.082244,-1.199,0.088275
75300,0.032246,0.082315,-1.1974,0.088406
75400,0.028226,0.076075,-1.2155,0.081143
75500,0.028444,0.076296,-1.2139,0.081426
75600,0.028631,0.076431,-1.2124,0.081618
75700,0.028747,0.076375,-1.2108,0.081606
75800,0.028914,0.076454,-1.2092,0.081739
75900,0.026961,0.073289,-1.2183,0.078091
76000,0.025126,0.070221,-1.2272,0.074581
76100,0.025224,0.070185,-1.2258,0.074581
76200,0.025391,0.070302,-1.2242,0.074746
76300,0.025571,0.070494,-1.2228,0.074989
76400,0.024836,0.070688,-1.2329,0.074924
76500,0.02415,0.071063,-1.2432,0.075055
76600,0.02432,0.071194,-1.2416,0.075233
76700,0.024495,0.071382,-1.2402,0.075468
76800,0.024618,0.071375,-1.2387,0.075501
76900,0.02482,0.071556,-1.2369,0.075738
77000,0.022813,0.068216,-1.2481,0.07193
77100,0.020881,0.064835,-1.2592,0.068114
77200,0.021086,0.065198,-1.258,0.068523
77300,0.021345,0.065607,-1.2563,0.068992
77400,0.02135,0.065351,-1.255,0.06875
77500,0.021428,0.065282,-1.2536,0.068709
77600,0.020672,0.065732,-1.2661,0.068906
77700,0.021526,0.065548,-1.2535,0.068992
77800,0.023293,0.064962,-1.2265,0.069012
77900,0.023444,0.065061,-1.2249,0.069156
78000,0.023607,0.065193,-1.2234,0.069335
78100,0.023685,0.065087,-1.2218,0.069263
78200,0.023844,0.065276,-1.2206,0.069495
78300,0.02178,0.062127,-1.2336,0.065834
78400,0.019721,0.05873,-1.2468,0.061952
78500,0.019834,0.058793,-1.2454,0.062049
78600,0.019949,0.058863,-1.244,0.062151
78700,0.020098,0.058964,-1.2423,0.062295
78800,0.021872,0.058484,-1.2129,0.06244
78900,0.023563,0.057803,-1.1837,0.062421
79000,0.023711,0.057906,-1.1821,0.062573
79100,0.023847,0.058008,-1.1808,0.062718
79200,0.023942,0.057979,-1.1792,0.062728
79300,0.023191,0.058431,-1.193,0.062865
79400,0.022432,0.058874,-1.2068,0.063003
79500,0.022542,0.058914,-1.2054,0.06308
79600,0.022691,0.058995,-1.2036,0.063208
79700,0.023094,0.050311,-1.1405,0.055358
79800,0.023211,0.050382,-1.1391,0.055472
79900,0.023346,0.050464,-1.1375,0.055603
80000,0.023425,0.050427,-1.1359,0.055603
80100,0.023542,0.050496,-1.1345,0.055714
80200,0.023671,0.05061,-1.1333,0.055872
80300,0.023781,0.050638,-1.1317,0.055944
80400,0.025554,0.049904,-1.0976,0.056066
80500,0.027246,0.049044,-1.0637,0.056104
80600,0.027164,0.048716,-1.0621,0.055777
80700,0.027417,0.048988,-1.0606,0.056139
80800,0.027528,0.049006,-1.059,0.056209
80900,0.027764,0.049244,-1.0574,0.056531
81000,0.027871,0.049254,-1.0559,0.056593
81100,0.027905,0.049154,-1.0545,0.056523
81200,0.029701,0.048218,-1.0187,0.056632
81300,0.031546,0.047337,-0.98297,0.056885
81400,0.031623,0.047328,-0.98175,0.056921
81500,0.031843,0.047513,-0.98035,0.057197
81600,0.031918,0.047463,-0.97878,0.057197
81700,0.032018,0.047451,-0.97721,0.057243
81800,0.032224,0.047612,-0.97581,0.057492
81900,0.032342,0.047625,-0.97424,0.057568
82000,0.032437,0.047604,-0.97267,0.057605
82100,0.032505,0.04758,-0.97145,0.057623
82200,0.035984,0.045199,-0.89843,0.057774
82300,0.036095,0.045193,-0.89685,0.057839
82400,0.036184,0.045174,-0.89546,0.057879
82500,0.036309,0.045217,-0.89424,0.057991
82600,0.036425,0.0452,-0.89249,0.05805
82700,0.036605,0.045311,-0.89127,0.058249
82800,0.037415,0.044694,-0.87382,0.058287
82900,0.037562,0.044742,-0.87242,0.058419
83000,0.037659,0.044715,-0.87085,0.05846
83100,0.037884,0.04484,-0.86928,0.058701
83200,0.038009,0.044876,-0.86806,0.058809
83300,0.038109,0.044867,-0.86666,0.058867
83400,0.041253,0.042156,-0.79622,0.058982
83500,0.041375,0.042162,-0.79482,0.059072
83600,0.041427,0.042098,-0.79343,0.059063
83700,0.04157,0.042111,-0.79186,0.059172
83800,0.045029,0.045049,-0.78563,0.063695
83900,0.048353,0.047776,-0.77939,0.067975
84000,0.047899,0.047211,-0.77817,0.067255
84100,0.04838,0.047553,-0.77678,0.067837
84200,0.048732,0.047749,-0.77521,0.068226
84300,0.04889,0.047787,-0.77398,0.068366
84400,0.04903,0.047806,-0.77276,0.068479
84500,0.049214,0.047835,-0.77119,0.068631
84600,0.049313,0.047815,-0.76997,0.068688
84700,0.04961,0.04754,-0.76409,0.068711
84800,0.050053,0.047436,-0.75855,0.06896
84900,0.050203,0.047428,-0.75698,0.069064
85000,0.05032,0.047406,-0.75559,0.069133
85100,0.050567,0.047488,-0.75402,0.06937
85200,0.050625,0.047427,-0.7528,0.06937
85300,0.050805,0.047462,-0.7514,0.069525
85400,0.05094,0.047472,-0.75018,0.069631
85500,0.051052,0.047444,-0.74878,0.069694
85600,0.058052,0.053023,-0.74016,0.078622
85700,0.058175,0.052987,-0.73876,0.078689
85800,0.058308,0.05296,-0.73737,0.078769
85900,0.05845,0.052903,-0.73562,0.078836
86000,0.05555,0.056268,-0.79182,0.079069
86100,0.055679,0.056261,-0.7906,0.079154
86200,0.055805,0.056231,-0.7892,0.079222
86300,0.05603,0.0563,-0.78781,0.07943
86400,0.056175,0.056309,-0.78658,0.079539
86500,0.056589,0.056029,-0.78042,0.079634
86600,0.057005,0.055749,-0.77426,0.079734
86700,0.057191,0.055775,-0.77287,0.079885
86800,0.057371,0.055775,-0.7713,0.080014
86900,0.057478,0.055724,-0.7699,0.080055
87000,0.057708,0.055751,-0.76815,0.08024
87100,0.057786,0.05569,-0.76693,0.080254
87200,0.056482,0.057286,-0.79247,0.080449
87300,0.055033,0.058744,-0.818,0.080495
87400,0.055192,0.058748,-0.8166,0.080607
87500,0.055589,0.058986,-0.81503,0.081053
87600,0.059194,0.061958,-0.80821,0.08569
87700,0.062754,0.064748,-0.80104,0.090169
87800,0.063069,0.064846,-0.79929,0.090459
87900,0.063115,0.064713,-0.79789,0.090395
88000,0.06164,0.066249,-0.82142,0.09049
88100,0.06026,0.067877,-0.84477,0.090766
88200,0.06046,0.067935,-0.84355,0.090943
88300,0.060577,0.067924,-0.84251,0.091012
88400,0.060843,0.068054,-0.84128,0.091286
88500,0.060974,0.068009,-0.83989,0.09134
88600,0.061134,0.067996,-0.83849,0.091437
88700,0.059623,0.069474,-0.86156,0.091551
88800,0.058156,0.070967,-0.88429,0.091752
88900,0.058395,0.071031,-0.88272,0.091953
89000,0.058547,0.071013,-0.88132,0.092035
89100,0.058772,0.071083,-0.87993,0.092233
89200,0.058978,0.071156,-0.8787,0.09242
89300,0.057382,0.072491,-0.90122,0.092453
89400,0.055885,0.073909,-0.92338,0.092658
89500,0.056086,0.073987,-0.92216,0.092842
89600,0.056219,0.073948,-0.92077,0.092892
89700,0.05642,0.073971,-0.9192,0.093032
89800,0.056693,0.074087,-0.91762,0.09329
89900,0.057991,0.079208,-0.93883,0.098167
90000,0.059047,0.084346,-0.96004,0.10296
90100,0.059221,0.084407,-0.95899,0.10311
90200,0.059414,0.084432,-0.95759,0.10324
90300,0.059571,0.084467,-0.95655,0.10336
90400,0.059707,0.08444,-0.95532,0.10342
90500,0.056275,0.087201,-0.9977,0.10378
90600,0.056479,0.08725,-0.9963,0.10393
90700,0.056668,0.087241,-0.99473,0.10403
90800,0.056856,0.087263,-0.99334,0.10415
90900,0.05719,0.087442,-0.99159,0.10448
91000,0.057229,0.087202,-0.99002,0.1043
91100,0.053764,0.089747,-1.0311,0.10462
91200,0.05399,0.089912,-1.03,0.10488
91300,0.05417,0.089962,-1.0288,0.10501
91400,0.05433,0.089979,-1.0276,0.10511
91500,0.052708,0.091633,-1.0488,0.10571
91600,0.052791,0.091517,-1.0476,0.10565
91700,0.049137,0.093663,-1.0877,0.10577
91800,0.049332,0.093717,-1.0863,0.10591
91900,0.049693,0.094005,-1.0845,0.10633
92000,0.04987,0.093941,-1.0828,0.10636
92100,0.050045,0.094074,-1.0819,0.10656
92200,0.050172,0.094075,-1.0808,0.10662
92300,0.050651,0.099361,-1.0994,0.11153
92400,0.051062,0.10493,-1.1179,0.11669
92500,0.044238,0.097117,-1.1434,0.10672
92600,0.044606,0.097518,-1.1418,0.10724
92700,0.044742,0.097501,-1.1406,0.10728
92800,0.045217,0.098084,-1.1388,0.108
92900,0.0453,0.097903,-1.1374,0.10787
93000,0.045419,0.097757,-1.1359,0.10779
93100,0.041904,0.099656,-1.1728,0.10811
93200,0.040683,0.10059,-1.1865,0.10851
93300,0.039339,0.10119,-1.2,0.10857
93400,0.03946,0.10119,-1.199,0.10861
93500,0.039665,0.1013,-1.1976,0.10879
93600,0.039857,0.10142,-1.1964,0.10897
93700,0.040068,0.10154,-1.195,0.10916
93800,0.036858,0.097464,-1.2093,0.1042
93900,0.033716,0.098814,-1.242,0.10441
94000,0.033645,0.10433,-1.2588,0.10962
94100,0.033767,0.10433,-1.2578,0.10966
94200,0.034002,0.10462,-1.2566,0.11001
94300,0.034089,0.10452,-1.2555,0.10994
94400,0.031013,0.10052,-1.2715,0.10519
94500,0.028084,0.096478,-1.2875,0.10048
94600,0.028252,0.096551,-1.2861,0.1006
94700,0.028381,0.096493,-1.2847,0.10058
94800,0.028566,0.096561,-1.2832,0.1007
94900,0.028798,0.096787,-1.2816,0.10098
95000,0.025441,0.097935,-1.3166,0.10119
95100,0.025546,0.09799,-1.3158,0.10126
95200,0.025694,0.098136,-1.3147,0.10144
95300,0.022463,0.099158,-1.348,0.10167
95400,0.022575,0.099174,-1.347,0.10171
95500,0.020773,0.099731,-1.3654,0.10187
95600,0.018977,0.10026,-1.3837,0.10204
95700,0.019178,0.10037,-1.382,0.10218
95800,0.019324,0.10046,-1.3808,0.1023
95900,0.019514,0.1006,-1.3792,0.10247
96000,0.017638,0.10122,-1.3983,0.10274
96100,0.01561,0.10163,-1.4184,0.10283
96200,0.015702,0.10164,-1.4175,0.10285
96300,0.015839,0.10194,-1.4166,0.10316
96400,0.015993,0.1021,-1.4154,0.10335
96500,0.016114,0.10206,-1.4142,0.10333
96600,0.010537,0.092628,-1.4575,0.093226
96700,0.010684,0.092762,-1.4561,0.093376
96800,0.010848,0.092762,-1.4544,0.093394
96900,0.011025,0.092874,-1.4526,0.093526
97000,0.011201,0.093107,-1.4511,0.093778
97100,0.0090937,0.09345,-1.4738,0.093892
97200,0.006962,0.093773,-1.4967,0.094031
97300,0.0070524,0.093881,-1.4958,0.094146
97400,0.0071836,0.094089,-1.4946,0.094363
97500,0.007291,0.094196,-1.4935,0.094478
97600,0.0074316,0.094301,-1.4922,0.094594
97700,0.0049796,0.084113,-1.5117,0.084261
97800,0.0051232,0.084295,-1.5101,0.08445
97900,0.0052545,0.08427,-1.5085,0.084433
98000,0.0054164,0.084491,-1.5068,0.084664
98100,0.0055029,0.084683,-1.5059,0.084862
98200,0.0055741,0.084638,-1.505,0.084821
98300,0.00092313,0.085032,-1.5599,0.085037
98400,0.0010141,0.085189,-1.5589,0.085195
98500,0.0011189,0.085246,-1.5577,0.085253
98600,0.0012392,0.085332,-1.5563,0.085341
98700,0.0013768,0.085549,-1.5547,0.08556
98800,0.0015423,0.085617,-1.5528,0.085631
98900,-0.00081917,0.085645,-1.5804,0.085649
99000,-0.0031693,0.085697,-1.6078,0.085755
99100,-0.00066617,0.07543,-1.5796,0.075433
99200,-0.00062654,0.075415,-1.5791,0.075417
99300,-0.00054791,0.075463,-1.5781,0.075465
99400,-0.0004829,0.075595,-1.5772,0.075596
99500,-0.00039147,0.075775,-1.576,0.075776
99600,-0.00029933,0.075887,-1.5747,0.075888
99700,-0.0051447,0.075777,-1.6386,0.075951
99800,-0.0050021,0.076033,-1.6365,0.076197
99900,-0.0048439,0.076059,-1.6344,0.076213
