100,0.5363,75.82,0.00598,-128.19,0.00436,167.91
200,0.53521,75.8,0.00596,-128.33,0.00435,167.84
300,0.53473,75.786,0.00364,43.078,0.00439,120.73
400,0.53391,75.702,0.00531,57.258,0.00613,102.22
500,0.53275,75.6,0.01008,70.34,0.0089,90.912
600,0.53138,75.546,0.01643,71.862,0.0125,85.071
700,0.52982,75.54,0.02391,73.172,0.01683,82.386
800,0.52817,75.6,0.03246,74.572,0.02184,81.312
900,0.52652,75.726,0.04194,75.94,0.02737,81.093
1000,0.52482,75.936,0.0523,77.204,0.03403,81.294
1100,0.52326,76.2,0.06334,78.318,0.0405,81.669
1200,0.52192,76.512,0.07933,79.512,0.04729,82.098
1300,0.5207,76.872,0.09127,80.254,0.05431,82.506
1400,0.51972,77.262,0.10432,80.908,0.06221,82.917
1500,0.51896,77.67,0.11624,81.364,0.07352,83.346
1600,0.51828,78.192,0.12897,81.734,0.0806,83.544
1700,0.51798,78.618,0.14081,81.982,0.08778,83.688
1800,0.51789,79.044,0.1525,82.142,0.09468,83.766
1900,0.51792,79.47,0.16876,82.248,0.10519,83.787
2000,0.51804,79.86,0.17975,82.228,0.11148,83.733
2100,0.51877,80.652,0.1953,82.092,0.11801,83.631
2200,0.51926,80.976,0.20604,81.922,0.12444,83.484
2300,0.51978,81.252,0.21645,81.694,0.13042,83.289
2400,0.5203,81.504,0.22649,81.414,0.13625,83.052
2500,0.52076,81.72,0.23568,81.096,0.14166,82.779
2600,0.52121,81.882,0.24464,80.73,0.14676,82.479
2700,0.52164,82.014,0.25326,80.304,0.1517,82.131
2800,0.52195,82.11,0.26093,79.87,0.1562,81.765
2900,0.52213,82.164,0.26808,79.4,0.16052,81.36
3000,0.52222,82.182,0.27482,78.894,0.16483,80.898
3100,0.52228,82.17,0.28102,78.358,0.16847,80.448
3200,0.52231,82.122,0.28657,77.814,0.17186,79.98
3300,0.52228,82.038,0.29182,77.23,0.17505,79.476
3400,0.52216,81.924,0.29682,76.592,0.17821,78.918
3500,0.52198,81.78,0.30109,75.972,0.18082,78.396
3600,0.52164,81.576,0.30517,75.294,0.18327,77.844
3700,0.52137,81.39,0.30865,74.628,0.18541,77.292
3800,0.521,81.168,0.31176,73.95,0.18738,76.731
3900,0.52057,80.928,0.31448,73.254,0.18916,76.149
4000,0.52005,80.67,0.31681,72.572,0.19074,75.555
4100,0.51947,80.394,0.3189,71.856,0.19212,74.952
4200,0.5188,80.112,0.32063,71.152,0.1933,74.358
4300,0.51807,79.806,0.32213,70.428,0.19434,73.74
4400,0.51734,79.494,0.32342,69.658,0.19519,73.134
4500,0.51654,79.164,0.32441,68.916,0.19592,72.519
4600,0.51572,78.828,0.32521,68.156,0.19652,71.901
4700,0.51487,78.48,0.32578,67.412,0.19704,71.202
4800,0.51395,78.132,0.32618,66.636,0.1974,70.557
4900,0.51294,77.778,0.32641,65.858,0.19765,69.927
5000,0.51194,77.412,0.32649,65.072,0.1978,69.273
5100,0.5109,77.046,0.32639,64.232,0.19786,68.559
5200,0.50986,76.674,0.32617,63.452,0.19782,67.92
5300,0.50852,76.23,0.32582,62.602,0.19769,67.266
5400,0.50742,75.87,0.32535,61.802,0.1975,66.627
5500,0.5062,75.498,0.3248,61.002,0.19721,65.976
5600,0.50492,75.12,0.32417,60.208,0.19687,65.325
5700,0.50354,74.748,0.32342,59.402,0.19646,64.671
5800,0.5022,74.376,0.32263,58.604,0.196,64.017
5900,0.50083,73.998,0.32178,57.808,0.19548,63.369
6000,0.49951,73.62,0.32086,57.01,0.19492,62.715
6100,0.49826,73.236,0.31985,56.176,0.19434,62.067
6200,0.49716,72.87,0.31882,55.376,0.19371,61.434
6300,0.49606,72.504,0.31776,54.59,0.19307,60.798
6400,0.49488,72.12,0.31666,53.792,0.19234,60.102
6500,0.49375,71.76,0.31553,53.006,0.19165,59.466
6600,0.4925,71.382,0.31435,52.194,0.19097,58.836
6700,0.49112,71.01,0.31315,51.394,0.19028,58.203
6800,0.48972,70.644,0.31187,50.542,0.1895,57.507
6900,0.48834,70.296,0.31067,49.754,0.18877,56.874
7000,0.48661,69.858,0.30934,48.892,0.18808,56.259
7100,0.4852,69.498,0.30812,48.108,0.18733,55.617
7200,0.48389,69.15,0.30685,47.294,0.1866,54.984
7300,0.48255,68.778,0.3056,46.514,0.18584,54.345
7400,0.48129,68.412,0.3043,45.704,0.18509,53.721
7500,0.48007,68.046,0.30302,44.912,0.18437,53.115
7600,0.47885,67.68,0.30172,44.12,0.18359,52.476
7700,0.47769,67.332,0.3004,43.318,0.18288,51.87
7800,0.47641,66.972,0.29899,42.478,0.18213,51.255
7900,0.4751,66.618,0.29763,41.682,0.1814,50.634
8000,0.47376,66.264,0.29631,40.914,0.18065,50.019
8100,0.47238,65.916,0.29492,40.136,0.17983,49.347
8200,0.47098,65.568,0.29351,39.346,0.17909,48.741
8300,0.46961,65.22,0.29207,38.56,0.17836,48.147
8400,0.46829,64.878,0.29062,37.776,0.17758,47.526
8500,0.46704,64.524,0.28906,36.956,0.17676,46.863
8600,0.46591,64.176,0.28759,36.192,0.176,46.263
8700,0.46466,63.75,0.28598,35.368,0.17523,45.669
8800,0.46375,63.408,0.28449,34.606,0.17442,45.057
8900,0.4628,63.048,0.28294,33.834,0.17363,44.454
9000,0.46192,62.688,0.28138,33.066,0.17287,43.863
9100,0.46103,62.334,0.27983,32.298,0.17204,43.263
9200,0.46012,61.986,0.27827,31.532,0.17127,42.681
9300,0.45914,61.638,0.2767,30.768,0.17046,42.084
9400,0.45813,61.314,0.27515,30.006,0.16963,41.487
9500,0.45703,60.978,0.27348,29.198,0.16886,40.911
9600,0.45581,60.648,0.27201,28.478,0.16805,40.314
9700,0.45462,60.336,0.27047,27.736,0.16724,39.741
9800,0.45331,60.018,0.26891,26.98,0.16635,39.09
9900,0.45203,59.712,0.26741,26.252,0.1656,38.535
10000,0.45072,59.394,0.26584,25.506,0.16481,37.947
10100,0.44943,59.07,0.26433,24.772,0.16405,37.374
10200,0.44824,58.764,0.26268,23.978,0.16318,36.735
10300,0.44705,58.446,0.26115,23.248,0.16245,36.168
10400,0.44571,58.056,0.25954,22.472,0.16168,35.586
10500,0.44464,57.726,0.258,21.746,0.16094,35.007
10600,0.44358,57.396,0.25651,21.032,0.16019,34.431
10700,0.4426,57.072,0.25499,20.3,0.15946,33.858
10800,0.44162,56.76,0.25344,19.566,0.15872,33.3
10900,0.44065,56.43,0.2519,18.842,0.15801,32.751
11000,0.43964,56.106,0.25036,18.116,0.15727,32.178
11100,0.43863,55.782,0.24882,17.396,0.15656,31.632
11200,0.43759,55.464,0.24715,16.634,0.15584,31.074
11300,0.43656,55.14,0.24564,15.918,0.15509,30.513
11400,0.43552,54.828,0.24407,15.21,0.15439,29.973
11500,0.43445,54.51,0.24254,14.506,0.15358,29.37
11600,0.43338,54.198,0.24103,13.816,0.15283,28.821
11700,0.43231,53.886,0.23951,13.13,0.15209,28.272
11800,0.43122,53.574,0.23798,12.438,0.15137,27.744
11900,0.43012,53.268,0.23636,11.704,0.15064,27.213
12000,0.42902,52.974,0.23489,11.042,0.14984,26.64
12100,0.42761,52.614,0.23327,10.316,0.14913,26.13
12200,0.42639,52.32,0.23173,9.64,0.14839,25.599
12300,0.42511,52.02,0.2302,8.966,0.14763,25.071
12400,0.42383,51.726,0.22868,8.296,0.14687,24.561
12500,0.42249,51.438,0.22714,7.632,0.14612,24.039
12600,0.42114,51.15,0.2256,6.968,0.14537,23.532
12700,0.4198,50.862,0.22408,6.322,0.14459,23.004
12800,0.41846,50.58,0.22253,5.668,0.14386,22.5
12900,0.41718,50.292,0.22087,4.976,0.14308,21.99
13000,0.41596,50.016,0.21931,4.326,0.14232,21.486
13100,0.4148,49.722,0.21775,3.682,0.14154,20.979
13200,0.41373,49.422,0.21618,3.038,0.14079,20.481
13300,0.41278,49.14,0.2146,2.4,0.13995,19.947
13400,0.41187,48.834,0.21303,1.766,0.13919,19.467
13500,0.41107,48.54,0.21147,1.13,0.13843,18.978
13600,0.4104,48.24,0.20978,0.458,0.13768,18.501
13700,0.4097,47.928,0.20828,-0.14,0.13683,17.97
13800,0.40897,47.556,0.20664,-0.8,0.13606,17.49
13900,0.40836,47.238,0.20507,-1.426,0.1353,17.01
14000,0.40778,46.92,0.20352,-2.036,0.13455,16.536
14100,0.40714,46.614,0.20196,-2.654,0.13379,16.056
14200,0.40643,46.308,0.2004,-3.272,0.13304,15.585
14300,0.40564,46.008,0.19883,-3.888,0.13228,15.114
14400,0.40479,45.732,0.19734,-4.48,0.13153,14.643
14500,0.40381,45.462,0.19577,-5.088,0.1308,14.175
14600,0.40268,45.186,0.19412,-5.73,0.13008,13.722
14700,0.40143,44.922,0.1926,-6.322,0.12935,13.257
14800,0.40006,44.658,0.19104,-6.93,0.12862,12.81
14900,0.39859,44.406,0.18955,-7.506,0.12789,12.348
15000,0.39713,44.172,0.18803,-8.09,0.12708,11.85
15100,0.39554,43.926,0.1865,-8.68,0.12636,11.394
15200,0.39395,43.674,0.18502,-9.246,0.12563,10.944
15300,0.3924,43.434,0.18349,-9.828,0.12489,10.491
15400,0.39081,43.188,0.18188,-10.442,0.12409,10.005
15500,0.38901,42.888,0.18025,-11.054,0.12335,9.555
15600,0.38751,42.642,0.17875,-11.62,0.12264,9.111
15700,0.38614,42.402,0.17724,-12.188,0.12192,8.673
15800,0.38474,42.144,0.17574,-12.758,0.1212,8.232
15900,0.38339,41.886,0.17425,-13.318,0.12048,7.797
16000,0.38208,41.616,0.17277,-13.868,0.1198,7.365
16100,0.38086,41.352,0.1713,-14.42,0.1191,6.933
16200,0.37979,41.106,0.16985,-14.966,0.11839,6.51
16300,0.37866,40.836,0.16832,-15.544,0.11774,6.081
16400,0.3776,40.572,0.1669,-16.072,0.11705,5.655
16500,0.37662,40.32,0.16549,-16.608,0.11643,5.247
16600,0.37561,40.05,0.16404,-17.144,0.11578,4.839
16700,0.37464,39.78,0.16264,-17.672,0.1151,4.389
16800,0.37366,39.516,0.16128,-18.186,0.11449,3.978
16900,0.37271,39.246,0.15994,-18.698,0.11386,3.57
17000,0.37174,38.982,0.15856,-19.214,0.11327,3.162
17100,0.37082,38.718,0.15716,-19.748,0.11263,2.715
17200,0.36969,38.406,0.15574,-20.284,0.11202,2.316
17300,0.36878,38.136,0.15441,-20.79,0.11144,1.917
17400,0.36786,37.878,0.15311,-21.29,0.11087,1.521
17500,0.36691,37.602,0.1518,-21.792,0.11029,1.134
17600,0.36609,37.35,0.1505,-22.29,0.10971,0.75
17700,0.36527,37.086,0.14922,-22.778,0.10918,0.375
17800,0.36444,36.822,0.14796,-23.264,0.10861,0.003
17900,0.36371,36.57,0.1467,-23.744,0.10808,-0.369
18000,0.36298,36.306,0.14538,-24.246,0.10751,-0.744
18100,0.36225,36.036,0.14415,-24.71,0.10696,-1.095
18200,0.36157,35.772,0.14292,-25.178,0.10642,-1.455
18300,0.36093,35.508,0.1417,-25.644,0.10585,-1.818
18400,0.36029,35.256,0.14048,-26.104,0.10523,-2.211
18500,0.35962,34.992,0.13928,-26.554,0.10463,-2.565
18600,0.35892,34.728,0.1381,-27.002,0.10405,-2.922
18700,0.35825,34.482,0.13691,-27.44,0.10347,-3.267
18800,0.35749,34.224,0.13569,-27.9,0.10284,-3.639
18900,0.35669,33.99,0.13448,-28.356,0.10226,-3.963
19000,0.35572,33.708,0.13332,-28.786,0.10167,-4.302
19100,0.35471,33.468,0.13215,-29.222,0.10109,-4.638
19200,0.35373,33.246,0.13099,-29.652,0.10051,-4.968
19300,0.35257,33.018,0.12988,-30.064,0.09991,-5.298
19400,0.35141,32.808,0.12882,-30.468,0.09934,-5.628
19500,0.3501,32.598,0.12769,-30.882,0.09874,-5.964
19600,0.34882,32.4,0.12661,-31.284,0.09818,-6.288
19700,0.34741,32.202,0.12546,-31.714,0.0976,-6.615
19800,0.34601,32.01,0.12439,-32.114,0.09703,-6.942
19900,0.34448,31.812,0.12333,-32.498,0.09647,-7.269
20000,0.34302,31.632,0.12224,-32.894,0.09592,-7.593
20100,0.34146,31.428,0.12122,-33.272,0.09532,-7.95
20200,0.34,31.248,0.1202,-33.642,0.09477,-8.277
20300,0.33853,31.056,0.11916,-34.02,0.09424,-8.604
20400,0.33701,30.864,0.11816,-34.382,0.09372,-8.928
20500,0.3356,30.672,0.11711,-34.764,0.09319,-9.249
20600,0.33417,30.474,0.11603,-35.156,0.09264,-9.609
20700,0.33258,30.228,0.11505,-35.504,0.09213,-9.93
20800,0.33139,30.018,0.11404,-35.858,0.09161,-10.257
20900,0.33026,29.802,0.11309,-36.194,0.09114,-10.575
21000,0.32923,29.574,0.11212,-36.538,0.09065,-10.89
21100,0.32831,29.34,0.11115,-36.882,0.09016,-11.211
21200,0.32752,29.112,0.11019,-37.214,0.08969,-11.526
21300,0.32685,28.878,0.10924,-37.544,0.08922,-11.844
21400,0.3262,28.626,0.10824,-37.894,0.08876,-12.162
21500,0.32565,28.386,0.10729,-38.218,0.08833,-12.465
21600,0.32511,28.128,0.10638,-38.532,0.08788,-12.789
21700,0.32468,27.888,0.10544,-38.86,0.08745,-13.107
21800,0.32428,27.642,0.1045,-39.18,0.08699,-13.44
21900,0.32382,27.384,0.10358,-39.5,0.08658,-13.755
22000,0.3234,27.138,0.10265,-39.822,0.08618,-14.064
22100,0.32288,26.904,0.10173,-40.136,0.0858,-14.376
22200,0.3223,26.664,0.10075,-40.47,0.0854,-14.685
22300,0.32166,26.442,0.09978,-40.808,0.08501,-15.018
22400,0.3208,26.172,0.09889,-41.114,0.08466,-15.321
22500,0.31992,25.95,0.098,-41.42,0.08429,-15.63
22600,0.31906,25.752,0.09712,-41.728,0.08395,-15.942
22700,0.31806,25.542,0.09626,-42.028,0.0836,-16.242
22800,0.31699,25.338,0.09541,-42.32,0.08328,-16.545
22900,0.31586,25.146,0.09455,-42.616,0.08295,-16.857
23000,0.3147,24.954,0.09372,-42.9,0.08264,-17.151
23100,0.31354,24.774,0.09288,-43.204,0.08234,-17.454
23200,0.31229,24.594,0.09207,-43.482,0.08205,-17.757
23300,0.31107,24.42,0.09129,-43.756,0.08176,-18.051
23400,0.30982,24.246,0.09053,-44.032,0.08148,-18.336
23500,0.30856,24.066,0.08975,-44.304,0.08119,-18.657
23600,0.30734,23.892,0.08899,-44.574,0.08093,-18.954
23700,0.30612,23.712,0.08825,-44.836,0.08067,-19.245
23800,0.30496,23.538,0.0875,-45.102,0.08041,-19.533
23900,0.30384,23.358,0.08674,-45.378,0.08017,-19.821
24000,0.30271,23.172,0.08599,-45.646,0.0799,-20.148
24100,0.30139,22.944,0.0853,-45.902,0.07967,-20.427
24200,0.30039,22.764,0.08462,-46.142,0.07942,-20.712
24300,0.29935,22.572,0.08393,-46.398,0.07921,-20.994
24400,0.29837,22.374,0.08325,-46.638,0.07896,-21.282
24500,0.2974,22.176,0.08261,-46.878,0.07875,-21.567
24600,0.29648,21.984,0.08197,-47.112,0.07854,-21.843
24700,0.29557,21.792,0.08133,-47.344,0.07831,-22.113
24800,0.29468,21.606,0.08067,-47.592,0.07808,-22.386
24900,0.29379,21.42,0.08004,-47.826,0.07787,-22.656
25000,0.29288,21.222,0.07944,-48.048,0.07765,-22.935
25100,0.29196,21.042,0.07884,-48.27,0.07741,-23.211
25200,0.29105,20.862,0.07825,-48.486,0.07716,-23.505
25300,0.29007,20.676,0.07768,-48.704,0.07695,-23.781
25400,0.28916,20.502,0.07711,-48.916,0.07672,-24.045
25500,0.28812,20.322,0.07657,-49.12,0.07649,-24.324
25600,0.28717,20.148,0.07603,-49.33,0.07625,-24.594
25700,0.28617,19.98,0.07545,-49.55,0.07599,-24.888
25800,0.28501,19.776,0.07492,-49.754,0.07576,-25.164
25900,0.28397,19.596,0.07442,-49.954,0.07553,-25.425
26000,0.28296,19.434,0.07393,-50.15,0.07529,-25.698
26100,0.28192,19.26,0.07344,-50.342,0.07504,-25.959
26200,0.28092,19.092,0.07296,-50.538,0.0748,-26.232
26300,0.27994,18.918,0.0725,-50.734,0.07452,-26.499
26400,0.27899,18.75,0.07204,-50.922,0.0743,-26.745
26500,0.27814,18.576,0.07155,-51.128,0.07404,-27.006
26600,0.27729,18.39,0.07111,-51.318,0.07378,-27.273
26700,0.27652,18.21,0.07068,-51.508,0.07355,-27.525
26800,0.27585,18.018,0.07025,-51.696,0.07326,-27.792
26900,0.27524,17.814,0.06982,-51.88,0.07298,-28.071
27000,0.27469,17.616,0.06942,-52.072,0.07271,-28.332
27100,0.27423,17.4,0.06902,-52.258,0.07245,-28.596
27200,0.27384,17.19,0.06862,-52.452,0.07219,-28.857
27300,0.27353,16.974,0.06823,-52.644,0.07195,-29.118
27400,0.27329,16.746,0.06782,-52.846,0.07164,-29.406
27500,0.27307,16.464,0.06741,-53.046,0.07138,-29.664
27600,0.27292,16.236,0.06704,-53.244,0.07111,-29.928
27700,0.27283,15.996,0.06666,-53.44,0.07083,-30.192
27800,0.2728,15.75,0.0663,-53.634,0.07057,-30.444
27900,0.27277,15.522,0.06594,-53.824,0.07028,-30.714
28000,0.27274,15.288,0.06558,-54.028,0.07002,-30.975
28100,0.27271,15.06,0.06525,-54.222,0.06975,-31.236
28200,0.27265,14.826,0.06488,-54.428,0.06947,-31.503
28300,0.27255,14.604,0.06454,-54.632,0.0692,-31.761
28400,0.2724,14.388,0.06419,-54.832,0.06892,-32.028
28500,0.27219,14.172,0.06386,-55.032,0.06867,-32.301
28600,0.27188,13.956,0.06353,-55.232,0.06834,-32.589
28700,0.27149,13.752,0.06321,-55.432,0.06809,-32.859
28800,0.27109,13.566,0.06288,-55.63,0.06778,-33.135
28900,0.2706,13.38,0.06255,-55.834,0.06752,-33.405
29000,0.27002,13.194,0.06223,-56.04,0.06722,-33.69
29100,0.26938,13.026,0.06189,-56.254,0.06693,-33.99
29200,0.26856,12.828,0.06156,-56.45,0.06664,-34.275
29300,0.26776,12.666,0.06125,-56.668,0.06636,-34.554
29400,0.26688,12.51,0.06091,-56.87,0.06607,-34.845
29500,0.26596,12.354,0.0606,-57.07,0.0658,-35.127
29600,0.26499,12.21,0.06028,-57.276,0.06552,-35.415
29700,0.26398,12.06,0.05998,-57.482,0.06525,-35.691
29800,0.263,11.922,0.05967,-57.682,0.06499,-35.97
29900,0.26197,11.784,0.05935,-57.898,0.06473,-36.258
30000,0.26096,11.652,0.05905,-58.114,0.06445,-36.543
30100,0.25989,11.514,0.05874,-58.318,0.06419,-36.822
30200,0.25882,11.382,0.05844,-58.526,0.06393,-37.104
30300,0.25775,11.238,0.05816,-58.734,0.06366,-37.425
30400,0.25675,11.112,0.05785,-58.942,0.0634,-37.695
30500,0.25574,10.98,0.05756,-59.16,0.06316,-37.983
30600,0.2547,10.836,0.05726,-59.374,0.0629,-38.268
30700,0.25372,10.704,0.05697,-59.592,0.06265,-38.553
30800,0.25275,10.554,0.05666,-59.814,0.06239,-38.838
30900,0.25159,10.386,0.05639,-60.032,0.06213,-39.138
31000,0.25061,10.236,0.05609,-60.268,0.06191,-39.426
31100,0.24973,10.086,0.05581,-60.49,0.06168,-39.711
31200,0.24881,9.936,0.05553,-60.712,0.06143,-40.002
31300,0.24799,9.792,0.05525,-60.942,0.06123,-40.278
31400,0.24716,9.648,0.05497,-61.182,0.06102,-40.56
31500,0.24637,9.504,0.05472,-61.41,0.06081,-40.845
31600,0.24555,9.348,0.05442,-61.664,0.06059,-41.133
31700,0.24475,9.204,0.05418,-61.898,0.06039,-41.415
31800,0.24396,9.054,0.05391,-62.14,0.0602,-41.688
31900,0.2432,8.904,0.05365,-62.384,0.06,-41.964
32000,0.24243,8.748,0.0534,-62.628,0.0598,-42.273
32100,0.2417,8.604,0.05314,-62.872,0.0596,-42.546
32200,0.24097,8.46,0.0529,-63.126,0.0594,-42.825
32300,0.24021,8.304,0.05265,-63.378,0.05922,-43.101
32400,0.2395,8.154,0.0524,-63.64,0.05904,-43.383
32500,0.2388,8.01,0.05213,-63.912,0.05887,-43.647
32600,0.23798,7.836,0.05189,-64.17,0.05865,-43.95
32700,0.23731,7.686,0.05164,-64.458,0.05849,-44.226
32800,0.23663,7.542,0.05138,-64.732,0.05832,-44.502
32900,0.23599,7.392,0.05114,-64.998,0.05814,-44.778
33000,0.23532,7.236,0.05088,-65.286,0.05795,-45.054
33100,0.23465,7.08,0.05064,-65.57,0.05779,-45.327
33200,0.23404,6.93,0.05039,-65.854,0.0576,-45.6
33300,0.23343,6.78,0.05014,-66.16,0.05745,-45.864
33400,0.23282,6.63,0.0499,-66.434,0.05727,-46.143
33500,0.23224,6.48,0.04963,-66.724,0.05711,-46.413
33600,0.23169,6.324,0.0494,-67.016,0.05693,-46.692
33700,0.23114,6.168,0.04914,-67.312,0.05676,-46.983
33800,0.23062,6.012,0.04889,-67.62,0.05658,-47.244
33900,0.2301,5.85,0.04862,-67.912,0.05641,-47.52
34000,0.22965,5.682,0.04838,-68.212,0.05623,-47.796
34100,0.22919,5.526,0.04812,-68.506,0.05606,-48.048
34200,0.22879,5.358,0.04784,-68.826,0.05588,-48.333
34300,0.2283,5.16,0.04759,-69.122,0.05568,-48.627
34400,0.22794,4.992,0.0473,-69.444,0.05551,-48.897
34500,0.22757,4.824,0.04704,-69.746,0.05533,-49.17
34600,0.2272,4.644,0.04677,-70.042,0.05516,-49.44
34700,0.22687,4.476,0.0465,-70.344,0.05495,-49.695
34800,0.22653,4.302,0.04624,-70.642,0.05478,-49.962
34900,0.2262,4.134,0.04599,-70.936,0.0546,-50.22
35000,0.22589,3.96,0.04569,-71.254,0.05441,-50.487
35100,0.22559,3.792,0.04542,-71.548,0.05425,-50.751
35200,0.22522,3.612,0.04516,-71.848,0.05406,-51.015
35300,0.22485,3.45,0.04489,-72.148,0.05386,-51.282
35400,0.22452,3.276,0.04462,-72.438,0.0537,-51.546
35500,0.22415,3.114,0.04434,-72.726,0.0535,-51.837
35600,0.22376,2.952,0.04408,-73.006,0.05331,-52.098
35700,0.2233,2.79,0.04382,-73.286,0.05312,-52.362
35800,0.22287,2.634,0.04356,-73.58,0.05293,-52.638
35900,0.22235,2.478,0.04328,-73.866,0.05275,-52.899
36000,0.22177,2.304,0.04302,-74.162,0.05255,-53.184
36100,0.22125,2.16,0.04274,-74.462,0.05237,-53.46
36200,0.22067,2.022,0.04248,-74.748,0.0522,-53.721
36300,0.22003,1.884,0.04221,-75.03,0.052,-53.994
36400,0.21936,1.752,0.04196,-75.308,0.0518,-54.258
36500,0.21863,1.626,0.0417,-75.592,0.05164,-54.522
36600,0.21787,1.506,0.04145,-75.868,0.05145,-54.798
36700,0.2171,1.392,0.04119,-76.164,0.05127,-55.071
36800,0.21625,1.29,0.04092,-76.438,0.0511,-55.341
36900,0.21543,1.182,0.04068,-76.716,0.0509,-55.614
37000,0.21451,1.08,0.04042,-76.992,0.05075,-55.878
37100,0.21356,0.978,0.04017,-77.27,0.05057,-56.151
37200,0.21265,0.888,0.03994,-77.53,0.05038,-56.451
37300,0.2117,0.792,0.03968,-77.806,0.05022,-56.727
37400,0.21076,0.696,0.03943,-78.074,0.05005,-56.991
37500,0.20981,0.606,0.03918,-78.344,0.04988,-57.255
37600,0.20886,0.51,0.03894,-78.616,0.0497,-57.528
37700,0.20773,0.396,0.0387,-78.898,0.04952,-57.825
37800,0.20685,0.306,0.03842,-79.188,0.04936,-58.083
37900,0.20603,0.204,0.03819,-79.464,0.04919,-58.359
38000,0.2052,0.102,0.03795,-79.728,0.04901,-58.611
38100,0.20441,-0.012,0.0377,-80.006,0.04883,-58.887
38200,0.20367,-0.126,0.03748,-80.278,0.04868,-59.157
38300,0.203,-0.246,0.03723,-80.544,0.04849,-59.418
38400,0.20236,-0.372,0.03699,-80.83,0.04832,-59.679
38500,0.20181,-0.504,0.03674,-81.106,0.04816,-59.949
38600,0.20133,-0.642,0.03652,-81.358,0.04799,-60.207
38700,0.20084,-0.78,0.03628,-81.62,0.04782,-60.462
38800,0.20044,-0.936,0.03605,-81.886,0.04765,-60.726
38900,0.20004,-1.086,0.03581,-82.148,0.04746,-60.984
39000,0.19974,-1.242,0.03557,-82.394,0.04729,-61.269
39100,0.19943,-1.41,0.03534,-82.642,0.0471,-61.527
39200,0.19919,-1.572,0.03511,-82.894,0.04694,-61.785
39300,0.19895,-1.74,0.03487,-83.142,0.04677,-62.034
39400,0.19867,-1.944,0.03462,-83.396,0.04659,-62.304
39500,0.19846,-2.106,0.03436,-83.646,0.0464,-62.562
39600,0.19827,-2.274,0.03414,-83.884,0.04623,-62.817
39700,0.19806,-2.442,0.03388,-84.116,0.04605,-63.069
39800,0.19785,-2.604,0.03365,-84.348,0.04587,-63.321
39900,0.1976,-2.772,0.03341,-84.556,0.04569,-63.582
40000,0.19739,-2.934,0.03315,-84.786,0.04552,-63.819
40100,0.19711,-3.084,0.03293,-85.012,0.04535,-64.065
40200,0.19684,-3.246,0.03267,-85.23,0.04518,-64.308
40300,0.19656,-3.396,0.03244,-85.438,0.045,-64.554
40400,0.19623,-3.546,0.03221,-85.632,0.04483,-64.8
40500,0.19589,-3.69,0.03197,-85.83,0.04465,-65.046
40600,0.1955,-3.834,0.03172,-86.028,0.04448,-65.286
40700,0.19513,-3.978,0.03148,-86.212,0.0443,-65.565
40800,0.19473,-4.116,0.03126,-86.388,0.04413,-65.811
40900,0.19434,-4.254,0.03101,-86.574,0.04395,-66.039
41000,0.19394,-4.392,0.03077,-86.756,0.04378,-66.291
41100,0.19345,-4.548,0.03053,-86.936,0.04358,-66.546
41200,0.19306,-4.686,0.03027,-87.108,0.04341,-66.786
41300,0.19263,-4.824,0.03005,-87.276,0.04324,-67.035
41400,0.1922,-4.962,0.0298,-87.444,0.04306,-67.275
41500,0.1918,-5.1,0.02956,-87.6,0.04289,-67.515
41600,0.19141,-5.232,0.02932,-87.762,0.04271,-67.752
41700,0.19098,-5.37,0.02909,-87.908,0.04253,-67.986
41800,0.19061,-5.502,0.02885,-88.056,0.04237,-68.217
41900,0.19022,-5.64,0.02861,-88.206,0.04219,-68.466
42000,0.18985,-5.778,0.02838,-88.352,0.04201,-68.7
42100,0.18951,-5.916,0.02815,-88.482,0.04184,-68.94
42200,0.18915,-6.06,0.02791,-88.616,0.04166,-69.174
42300,0.18884,-6.198,0.02768,-88.754,0.04149,-69.405
42400,0.18854,-6.348,0.02746,-88.87,0.04129,-69.66
42500,0.18823,-6.492,0.02724,-88.988,0.04111,-69.888
42600,0.18799,-6.636,0.02702,-89.098,0.04092,-70.11
42700,0.18771,-6.786,0.02679,-89.208,0.04076,-70.344
42800,0.18747,-6.966,0.02656,-89.308,0.04057,-70.599
42900,0.18726,-7.116,0.02632,-89.408,0.04039,-70.827
43000,0.18707,-7.266,0.02609,-89.5,0.04024,-71.04
43100,0.18689,-7.428,0.02588,-89.594,0.04005,-71.274
43200,0.18674,-7.578,0.02566,-89.65,0.03989,-71.493
43300,0.18656,-7.74,0.02545,-89.722,0.03973,-71.718
43400,0.1864,-7.896,0.02523,-89.792,0.03955,-71.937
43500,0.18625,-8.052,0.02501,-89.856,0.03938,-72.144
43600,0.1861,-8.208,0.0248,-89.904,0.03923,-72.372
43700,0.18598,-8.364,0.02459,-89.94,0.03906,-72.579
43800,0.18582,-8.514,0.02438,-89.976,0.03889,-72.801
43900,0.18564,-8.676,0.02419,-90.018,0.03874,-73.023
44000,0.18546,-8.82,0.02399,-90.054,0.03859,-73.224
44100,0.18524,-8.976,0.02379,-90.08,0.03842,-73.461
44200,0.18506,-9.12,0.02359,-90.092,0.03827,-73.665
44300,0.18485,-9.264,0.02341,-90.092,0.03812,-73.872
44400,0.1846,-9.414,0.02321,-90.09,0.03796,-74.094
44500,0.1843,-9.576,0.02303,-90.106,0.0378,-74.313
44600,0.18402,-9.72,0.02283,-90.09,0.03766,-74.517
44700,0.18375,-9.846,0.02264,-90.076,0.03752,-74.721
44800,0.18344,-9.984,0.02245,-90.046,0.03738,-74.937
44900,0.18314,-10.116,0.02227,-90.018,0.03725,-75.135
45000,0.18277,-10.248,0.02212,-89.974,0.03709,-75.345
45100,0.18241,-10.38,0.02194,-89.942,0.03699,-75.546
45200,0.18201,-10.512,0.02175,-89.9,0.03683,-75.747
45300,0.18158,-10.638,0.0216,-89.838,0.03673,-75.939
45400,0.18118,-10.758,0.02142,-89.776,0.03659,-76.128
45500,0.18076,-10.872,0.02126,-89.714,0.03647,-76.338
45600,0.1803,-10.986,0.0211,-89.634,0.03633,-76.536
45700,0.17984,-11.106,0.02095,-89.57,0.03624,-76.722
45800,0.17935,-11.22,0.02079,-89.476,0.0361,-76.947
45900,0.17883,-11.334,0.02064,-89.394,0.03598,-77.145
46000,0.17838,-11.442,0.02049,-89.314,0.03587,-77.337
46100,0.17789,-11.556,0.02033,-89.212,0.03575,-77.541
46200,0.17725,-11.682,0.02019,-89.114,0.03561,-77.769
46300,0.17679,-11.784,0.02006,-88.996,0.03551,-77.952
46400,0.17627,-11.898,0.01992,-88.876,0.0354,-78.15
46500,0.17578,-12.006,0.01979,-88.758,0.03529,-78.36
46600,0.17526,-12.12,0.01965,-88.636,0.03519,-78.555
46700,0.17478,-12.228,0.01953,-88.514,0.03508,-78.756
46800,0.17432,-12.336,0.01942,-88.39,0.03497,-78.96
46900,0.17386,-12.45,0.01929,-88.25,0.03487,-79.176
47000,0.17346,-12.558,0.01919,-88.094,0.03476,-79.368
47100,0.17304,-12.678,0.01908,-87.968,0.03465,-79.572
47200,0.17267,-12.792,0.01898,-87.792,0.03456,-79.779
47300,0.1723,-12.912,0.01888,-87.63,0.03444,-79.986
47400,0.17197,-13.038,0.01878,-87.468,0.03435,-80.196
47500,0.17169,-13.164,0.01869,-87.322,0.03424,-80.421
47600,0.17142,-13.296,0.0186,-87.16,0.03412,-80.619
47700,0.17117,-13.422,0.01852,-86.996,0.03403,-80.832
47800,0.17096,-13.566,0.01844,-86.834,0.03392,-81.045
47900,0.17072,-13.728,0.01836,-86.688,0.03381,-81.288
48000,0.17056,-13.866,0.01828,-86.518,0.03374,-81.492
48100,0.17044,-14.01,0.01821,-86.354,0.03363,-81.699
48200,0.17032,-14.166,0.01815,-86.192,0.03352,-81.918
48300,0.1702,-14.31,0.01808,-86.058,0.03342,-82.14
48400,0.17014,-14.466,0.01802,-85.894,0.03333,-82.35
48500,0.17008,-14.616,0.01796,-85.764,0.03323,-82.56
48600,0.17001,-14.766,0.01789,-85.61,0.03316,-82.773
48700,0.16995,-14.922,0.01784,-85.478,0.03305,-82.998
48800,0.16989,-15.072,0.01779,-85.35,0.03296,-83.196
48900,0.16983,-15.228,0.01775,-85.214,0.03287,-83.415
49000,0.16974,-15.378,0.01771,-85.102,0.03279,-83.616
49100,0.16959,-15.522,0.01766,-84.988,0.03268,-83.835
49200,0.16944,-15.66,0.01763,-84.858,0.03258,-84.063
49300,0.16922,-15.792,0.0176,-84.744,0.0325,-84.285
49400,0.16898,-15.918,0.01755,-84.65,0.03243,-84.51
49500,0.16867,-16.032,0.01752,-84.538,0.03232,-84.729
49600,0.16818,-16.164,0.0175,-84.428,0.03223,-84.981
49700,0.16776,-16.272,0.01748,-84.334,0.03214,-85.188
49800,0.1673,-16.362,0.01745,-84.242,0.03204,-85.416
49900,0.16675,-16.458,0.01744,-84.15,0.03194,-85.644
50000,0.1662,-16.542,0.01741,-84.076,0.03186,-85.872
50100,0.16559,-16.626,0.01738,-83.982,0.03177,-86.103
50200,0.16501,-16.698,0.01736,-83.942,0.03168,-86.349
50300,0.16434,-16.764,0.01736,-83.872,0.03159,-86.565
50400,0.16367,-16.836,0.01735,-83.82,0.03151,-86.799
50500,0.163,-16.902,0.01733,-83.764,0.0314,-87.033
50600,0.16232,-16.974,0.01733,-83.732,0.03133,-87.27
50700,0.16162,-17.034,0.01732,-83.698,0.03123,-87.492
50800,0.16095,-17.1,0.01732,-83.666,0.03114,-87.729
50900,0.16031,-17.172,0.01733,-83.634,0.03104,-87.969
51000,0.15967,-17.244,0.01733,-83.62,0.03095,-88.212
51100,0.15909,-17.316,0.01734,-83.608,0.03087,-88.452
51200,0.15848,-17.4,0.01733,-83.61,0.03078,-88.683
51300,0.15784,-17.496,0.01734,-83.596,0.03069,-88.926
51400,0.15735,-17.586,0.01734,-83.64,0.03061,-89.172
51500,0.15689,-17.688,0.01735,-83.666,0.03052,-89.406
51600,0.15646,-17.79,0.01736,-83.692,0.03043,-89.643
51700,0.1561,-17.898,0.01737,-83.728,0.03032,-89.874
51800,0.15579,-18.018,0.01739,-83.774,0.03024,-90.114
51900,0.15549,-18.144,0.0174,-83.816,0.03015,-90.351
52000,0.15527,-18.264,0.0174,-83.898,0.03008,-90.588
52100,0.15509,-18.39,0.01741,-83.956,0.02998,-90.813
52200,0.15491,-18.534,0.01743,-84.038,0.02989,-91.071
52300,0.15482,-18.672,0.01744,-84.094,0.02982,-91.299
52400,0.15473,-18.81,0.01747,-84.174,0.02972,-91.545
52500,0.15463,-18.96,0.01747,-84.274,0.02965,-91.788
52600,0.1546,-19.104,0.01748,-84.37,0.02956,-92.052
52700,0.15457,-19.26,0.01749,-84.444,0.02946,-92.301
52800,0.15454,-19.404,0.0175,-84.578,0.02939,-92.535
52900,0.15454,-19.554,0.0175,-84.69,0.02931,-92.769
53000,0.15451,-19.74,0.01752,-84.818,0.02922,-93.039
53100,0.15445,-19.878,0.01753,-84.93,0.02913,-93.279
53200,0.15442,-20.028,0.01753,-85.078,0.02905,-93.519
53300,0.15442,-20.178,0.01755,-85.206,0.02898,-93.759
53400,0.15436,-20.316,0.01756,-85.352,0.02889,-94.017
53500,0.15427,-20.466,0.01756,-85.496,0.02882,-94.26
53600,0.15421,-20.604,0.01754,-85.638,0.02873,-94.488
53700,0.15412,-20.736,0.01756,-85.784,0.02864,-94.734
53800,0.15402,-20.88,0.01756,-85.95,0.02858,-94.968
53900,0.1539,-21,0.01755,-86.108,0.02847,-95.217
54000,0.15375,-21.126,0.01754,-86.25,0.0284,-95.451
54100,0.1536,-21.258,0.01755,-86.434,0.02831,-95.688
54200,0.15341,-21.378,0.01755,-86.594,0.02824,-95.925
54300,0.1532,-21.498,0.01755,-86.772,0.02814,-96.183
54400,0.15296,-21.606,0.01753,-86.952,0.02805,-96.426
54500,0.15271,-21.714,0.01753,-87.128,0.02797,-96.651
54600,0.15238,-21.822,0.01752,-87.324,0.02789,-96.876
54700,0.15198,-21.942,0.0175,-87.524,0.02779,-97.143
54800,0.15161,-22.038,0.0175,-87.718,0.02771,-97.392
54900,0.15119,-22.128,0.01747,-87.898,0.02763,-97.62
55000,0.15079,-22.218,0.01746,-88.092,0.02754,-97.854
55100,0.15033,-22.296,0.01745,-88.29,0.02745,-98.109
55200,0.14981,-22.368,0.01743,-88.506,0.02736,-98.346
55300,0.14926,-22.44,0.01742,-88.702,0.02728,-98.583
55400,0.14865,-22.506,0.01738,-88.938,0.02721,-98.823
55500,0.14807,-22.56,0.01736,-89.116,0.02712,-99.045
55600,0.14743,-22.614,0.01734,-89.35,0.02704,-99.288
55700,0.14676,-22.662,0.01732,-89.57,0.02695,-99.498
55800,0.14606,-22.71,0.01729,-89.788,0.02687,-99.744
55900,0.14536,-22.764,0.01726,-90.008,0.02678,-99.975
56000,0.14469,-22.806,0.01723,-90.226,0.02669,-100.23
56100,0.14401,-22.848,0.0172,-90.462,0.02661,-100.44
56200,0.14334,-22.902,0.01716,-90.686,0.02652,-100.68
56300,0.14267,-22.944,0.01714,-90.928,0.02643,-100.9
56400,0.14188,-23.01,0.01709,-91.168,0.02635,-101.15
56500,0.14124,-23.07,0.01704,-91.45,0.02626,-101.36
56600,0.14066,-23.124,0.01701,-91.674,0.02617,-101.57
56700,0.14011,-23.184,0.01697,-91.94,0.02609,-101.8
56800,0.13959,-23.262,0.01693,-92.168,0.02599,-102.03
56900,0.13913,-23.34,0.01688,-92.416,0.02589,-102.26
57000,0.1387,-23.436,0.01683,-92.67,0.02582,-102.47
57100,0.13837,-23.526,0.01677,-92.96,0.02573,-102.7
57200,0.13806,-23.622,0.01672,-93.198,0.02563,-102.9
57300,0.13782,-23.742,0.01668,-93.452,0.02556,-103.13
57400,0.13764,-23.856,0.01662,-93.692,0.02547,-103.36
57500,0.13748,-23.994,0.01657,-93.954,0.02539,-103.59
57600,0.13742,-24.126,0.01653,-94.234,0.0253,-103.8
57700,0.13736,-24.27,0.01647,-94.48,0.02521,-104.05
57800,0.13736,-24.42,0.01641,-94.726,0.02509,-104.27
57900,0.13739,-24.564,0.01635,-94.976,0.02501,-104.51
58000,0.13745,-24.732,0.01629,-95.266,0.02492,-104.72
58100,0.13757,-24.924,0.01624,-95.524,0.02481,-104.97
58200,0.13764,-25.086,0.01617,-95.838,0.02472,-105.2
58300,0.13776,-25.248,0.01611,-96.078,0.02464,-105.42
58400,0.13788,-25.416,0.01604,-96.344,0.02454,-105.65
58500,0.13797,-25.584,0.01598,-96.628,0.02444,-105.86
58600,0.13809,-25.746,0.01591,-96.88,0.02435,-106.11
58700,0.13815,-25.902,0.01584,-97.146,0.02428,-106.32
58800,0.13825,-26.058,0.01577,-97.446,0.02417,-106.55
58900,0.13831,-26.202,0.0157,-97.704,0.02408,-106.8
59000,0.13837,-26.352,0.01561,-97.986,0.02399,-107.03
59100,0.13837,-26.49,0.01554,-98.272,0.02388,-107.25
59200,0.1384,-26.628,0.01546,-98.56,0.0238,-107.48
59300,0.13837,-26.766,0.01538,-98.856,0.02371,-107.72
59400,0.13834,-26.91,0.01531,-99.13,0.02361,-107.96
59500,0.13828,-27.036,0.01524,-99.422,0.02351,-108.19
59600,0.13822,-27.162,0.01514,-99.674,0.02342,-108.41
59700,0.13809,-27.288,0.01507,-99.976,0.02332,-108.65
59800,0.13794,-27.432,0.01497,-100.27,0.02322,-108.89
59900,0.13776,-27.54,0.0149,-100.59,0.02313,-109.14
60000,0.13757,-27.648,0.0148,-100.84,0.02304,-109.35
60100,0.13736,-27.75,0.01472,-101.13,0.02293,-109.59
60200,0.13709,-27.852,0.01463,-101.39,0.02284,-109.8
60300,0.13684,-27.96,0.01454,-101.67,0.02275,-110.06
60400,0.13657,-28.056,0.01446,-101.94,0.02267,-110.28
60500,0.13629,-28.14,0.01437,-102.22,0.02255,-110.51
60600,0.13599,-28.23,0.01427,-102.49,0.02248,-110.73
60700,0.13565,-28.32,0.01418,-102.73,0.02238,-110.96
60800,0.13532,-28.404,0.0141,-103.02,0.02229,-111.2
60900,0.13498,-28.494,0.01398,-103.25,0.02219,-111.43
61000,0.13464,-28.566,0.0139,-103.53,0.02213,-111.68
61100,0.13428,-28.644,0.01381,-103.78,0.022,-111.93
61200,0.13391,-28.728,0.01372,-104.03,0.02191,-112.16
61300,0.13351,-28.806,0.01361,-104.27,0.02182,-112.4
61400,0.13312,-28.878,0.01353,-104.52,0.02174,-112.64
61500,0.13266,-28.968,0.01341,-104.76,0.02164,-112.87
61600,0.13223,-29.04,0.01331,-105.01,0.02156,-113.11
61700,0.13184,-29.118,0.0132,-105.25,0.02144,-113.34
61800,0.13141,-29.184,0.01311,-105.47,0.02138,-113.59
61900,0.13095,-29.25,0.013,-105.75,0.02129,-113.8
62000,0.13056,-29.322,0.01291,-105.95,0.02119,-114.05
62100,0.13013,-29.388,0.01282,-106.18,0.02112,-114.28
62200,0.12967,-29.448,0.01271,-106.42,0.02103,-114.51
62300,0.12924,-29.514,0.01261,-106.63,0.02094,-114.74
62400,0.12882,-29.586,0.01251,-106.82,0.02086,-114.97
62500,0.12839,-29.652,0.01242,-107.01,0.02077,-115.24
62600,0.12796,-29.718,0.01231,-107.21,0.02068,-115.46
62700,0.1275,-29.79,0.01222,-107.44,0.02058,-115.7
62800,0.12711,-29.85,0.0121,-107.65,0.02051,-115.97
62900,0.12671,-29.922,0.01201,-107.82,0.02042,-116.2
63000,0.12631,-29.994,0.01191,-108.03,0.02034,-116.44
63100,0.12592,-30.066,0.01181,-108.18,0.02026,-116.68
63200,0.12549,-30.15,0.01171,-108.35,0.02016,-116.92
63300,0.12512,-30.222,0.01161,-108.57,0.02008,-117.18
63400,0.12476,-30.3,0.01152,-108.7,0.01999,-117.44
63500,0.12442,-30.372,0.01141,-108.83,0.01993,-117.69
63600,0.12405,-30.456,0.01133,-108.97,0.01984,-117.92
63700,0.12375,-30.546,0.01123,-109.09,0.01976,-118.15
63800,0.12344,-30.63,0.01113,-109.23,0.01968,-118.39
63900,0.12317,-30.714,0.01103,-109.37,0.01959,-118.64
64000,0.1229,-30.804,0.01094,-109.48,0.01952,-118.89
64100,0.12262,-30.9,0.01085,-109.55,0.01944,-119.13
64200,0.12244,-30.99,0.01077,-109.66,0.01936,-119.38
64300,0.12222,-31.086,0.01069,-109.77,0.01929,-119.6
64400,0.12204,-31.194,0.01059,-109.83,0.0192,-119.84
64500,0.12186,-31.302,0.01049,-109.9,0.0191,-120.11
64600,0.12167,-31.416,0.01042,-109.98,0.01901,-120.37
64700,0.12155,-31.524,0.01032,-110.03,0.01897,-120.58
64800,0.12146,-31.632,0.01023,-110.08,0.01889,-120.83
64900,0.12131,-31.77,0.01014,-110.13,0.0188,-121.07
65000,0.12122,-31.89,0.01005,-110.15,0.01872,-121.34
65100,0.12113,-32.01,0.00995,-110.17,0.01863,-121.56
65200,0.12106,-32.13,0.00989,-110.18,0.01855,-121.8
65300,0.12097,-32.25,0.00981,-110.2,0.01846,-122.04
65400,0.12091,-32.376,0.00971,-110.15,0.01839,-122.3
65500,0.12082,-32.49,0.00965,-110.14,0.01831,-122.53
65600,0.12076,-32.61,0.00956,-110.12,0.01823,-122.78
65700,0.12064,-32.724,0.00948,-110.07,0.01814,-123
65800,0.12055,-32.832,0.00941,-110.03,0.01807,-123.22
65900,0.12042,-32.94,0.00934,-109.97,0.01799,-123.48
66000,0.12024,-33.048,0.00926,-109.87,0.01791,-123.71
66100,0.12006,-33.15,0.00921,-109.77,0.01785,-123.93
66200,0.11984,-33.24,0.00911,-109.68,0.01775,-124.19
66300,0.11957,-33.33,0.00907,-109.52,0.01767,-124.39
66400,0.11929,-33.396,0.00899,-109.4,0.01759,-124.63
66500,0.11896,-33.474,0.00892,-109.26,0.01752,-124.86
66600,0.11853,-33.558,0.00886,-109.07,0.01743,-125.07
66700,0.11813,-33.618,0.0088,-108.91,0.01736,-125.32
66800,0.11771,-33.678,0.00874,-108.74,0.01729,-125.53
66900,0.11725,-33.726,0.00869,-108.54,0.01721,-125.72
67000,0.11679,-33.774,0.00863,-108.37,0.01712,-125.95
67100,0.11633,-33.816,0.00857,-108.15,0.01704,-126.19
67200,0.11588,-33.864,0.00852,-107.94,0.01697,-126.41
67300,0.11539,-33.912,0.00847,-107.68,0.01691,-126.59
67400,0.11499,-33.954,0.00841,-107.47,0.01683,-126.82
67500,0.11453,-34.008,0.00838,-107.21,0.01675,-127
67600,0.11414,-34.068,0.00834,-106.95,0.01666,-127.21
67700,0.11377,-34.128,0.0083,-106.75,0.01662,-127.44
67800,0.1134,-34.188,0.00826,-106.49,0.01654,-127.65
67900,0.1131,-34.266,0.00822,-106.21,0.01645,-127.87
68000,0.11279,-34.344,0.00818,-105.94,0.01637,-128.08
68100,0.11255,-34.428,0.00815,-105.63,0.0163,-128.28
68200,0.11234,-34.518,0.00812,-105.31,0.01625,-128.44
68300,0.11212,-34.638,0.00808,-105.04,0.01616,-128.62
68400,0.112,-34.74,0.00806,-104.7,0.0161,-128.83
68500,0.11188,-34.854,0.00801,-104.38,0.01602,-129.01
68600,0.11182,-34.962,0.00799,-104.03,0.01593,-129.22
68700,0.11176,-35.094,0.00797,-103.79,0.01588,-129.36
68800,0.11176,-35.22,0.00795,-103.42,0.01581,-129.55
68900,0.11179,-35.352,0.00792,-103.05,0.01575,-129.72
69000,0.11179,-35.49,0.00789,-102.71,0.01567,-129.89
69100,0.11182,-35.622,0.00787,-102.41,0.01563,-130.09
69200,0.11191,-35.772,0.00786,-102.07,0.01553,-130.24
69300,0.11194,-35.904,0.00784,-101.76,0.01547,-130.4
69400,0.11197,-36.036,0.00782,-101.41,0.01541,-130.6
69500,0.112,-36.174,0.00782,-101.1,0.01535,-130.75
69600,0.112,-36.3,0.0078,-100.77,0.01527,-130.89
69700,0.112,-36.426,0.00779,-100.42,0.01521,-131.11
69800,0.11197,-36.552,0.00778,-100.09,0.01515,-131.27
69900,0.11191,-36.666,0.00777,-99.772,0.01509,-131.41
70000,0.11179,-36.804,0.00777,-99.448,0.01505,-131.58
70100,0.1117,-36.9,0.00778,-99.118,0.01497,-131.77
70200,0.11154,-37.002,0.00778,-98.78,0.01491,-131.89
70300,0.11133,-37.092,0.00778,-98.448,0.01486,-132.04
70400,0.11108,-37.164,0.00779,-98.122,0.01477,-132.21
70500,0.11084,-37.248,0.00779,-97.778,0.01472,-132.38
70600,0.11053,-37.314,0.00781,-97.49,0.01468,-132.53
70700,0.1102,-37.374,0.00781,-97.19,0.01462,-132.66
70800,0.10986,-37.434,0.00782,-96.898,0.01457,-132.77
70900,0.10947,-37.476,0.00783,-96.556,0.01453,-132.9
71000,0.10907,-37.524,0.00784,-96.302,0.01445,-133.06
71100,0.10864,-37.572,0.00785,-96.094,0.01442,-133.19
71200,0.10822,-37.62,0.00787,-95.754,0.01436,-133.33
71300,0.10779,-37.65,0.00787,-95.54,0.0143,-133.46
71400,0.1073,-37.692,0.00788,-95.284,0.01425,-133.62
71500,0.10687,-37.728,0.00791,-95.07,0.01421,-133.71
71600,0.10642,-37.764,0.00792,-94.856,0.01416,-133.87
71700,0.10587,-37.806,0.00794,-94.64,0.01408,-133.99
71800,0.10544,-37.848,0.00795,-94.392,0.01405,-134.15
71900,0.10504,-37.884,0.00798,-94.218,0.01399,-134.29
72000,0.10465,-37.938,0.00801,-94.05,0.01395,-134.41
72100,0.10422,-37.98,0.00804,-93.872,0.01389,-134.55
72200,0.10382,-38.034,0.00805,-93.698,0.01386,-134.67
72300,0.10346,-38.088,0.00807,-93.57,0.01381,-134.8
72400,0.10312,-38.142,0.00809,-93.396,0.01375,-134.92
72500,0.10278,-38.196,0.00811,-93.308,0.0137,-135.04
72600,0.10245,-38.262,0.00812,-93.136,0.01366,-135.14
72700,0.10211,-38.328,0.00815,-93.082,0.01361,-135.29
72800,0.10181,-38.388,0.00817,-92.994,0.01357,-135.41
72900,0.10153,-38.466,0.0082,-92.9,0.01352,-135.52
73000,0.10126,-38.532,0.00822,-92.808,0.01347,-135.64
73100,0.10104,-38.616,0.00824,-92.76,0.01343,-135.77
73200,0.1008,-38.7,0.00827,-92.668,0.0134,-135.85
73300,0.10059,-38.784,0.0083,-92.614,0.01335,-135.97
73400,0.10043,-38.904,0.0083,-92.566,0.01329,-136.08
73500,0.10031,-39.006,0.00834,-92.474,0.01326,-136.19
73600,0.10019,-39.12,0.00838,-92.466,0.0132,-136.29
73700,0.10016,-39.234,0.0084,-92.414,0.01315,-136.42
73800,0.10013,-39.36,0.00843,-92.436,0.01309,-136.53
73900,0.10013,-39.498,0.00844,-92.424,0.01306,-136.61
74000,0.10013,-39.624,0.00847,-92.412,0.01303,-136.75
74100,0.10016,-39.756,0.0085,-92.398,0.01299,-136.83
74200,0.10022,-39.894,0.00854,-92.386,0.01294,-136.94
74300,0.10025,-40.038,0.00856,-92.45,0.01289,-137.08
74400,0.10034,-40.176,0.00859,-92.476,0.01286,-137.19
74500,0.10043,-40.326,0.00862,-92.502,0.01282,-137.27
74600,0.1005,-40.458,0.00865,-92.522,0.01277,-137.44
74700,0.10059,-40.608,0.00868,-92.584,0.01274,-137.53
74800,0.10068,-40.746,0.00872,-92.646,0.0127,-137.67
74900,0.10074,-40.89,0.00874,-92.704,0.01263,-137.76
75000,0.1008,-41.028,0.00875,-92.768,0.0126,-137.9
75100,0.10086,-41.19,0.00878,-92.862,0.01256,-137.99
75200,0.10092,-41.328,0.00881,-92.962,0.01253,-138.11
75300,0.10095,-41.454,0.00884,-93.052,0.0125,-138.28
75400,0.10098,-41.586,0.00887,-93.152,0.01244,-138.4
75500,0.10098,-41.712,0.0089,-93.246,0.01241,-138.49
75600,0.10101,-41.832,0.00892,-93.372,0.01237,-138.64
75700,0.10101,-41.958,0.00895,-93.502,0.01233,-138.79
75800,0.10098,-42.078,0.00898,-93.63,0.01228,-138.88
75900,0.10098,-42.192,0.00899,-93.762,0.01225,-139.01
76000,0.10095,-42.312,0.00904,-93.888,0.01219,-139.13
76100,0.10089,-42.42,0.00906,-94.018,0.01216,-139.31
76200,0.10086,-42.528,0.00908,-94.18,0.01213,-139.4
76300,0.10077,-42.642,0.0091,-94.338,0.01209,-139.53
76400,0.10071,-42.75,0.00913,-94.466,0.01204,-139.69
76500,0.10062,-42.846,0.00915,-94.624,0.01201,-139.85
76600,0.1005,-42.942,0.00918,-94.792,0.01198,-139.95
76700,0.10037,-43.038,0.00919,-94.948,0.01193,-140.08
76800,0.10022,-43.14,0.00922,-95.142,0.01187,-140.26
76900,0.10004,-43.224,0.00923,-95.342,0.01184,-140.43
77000,0.09988,-43.302,0.00925,-95.528,0.0118,-140.56
77100,0.09967,-43.38,0.00928,-95.724,0.01176,-140.7
77200,0.09946,-43.458,0.0093,-95.916,0.01172,-140.81
77300,0.09924,-43.53,0.00931,-96.14,0.01167,-140.97
77400,0.099,-43.608,0.00933,-96.334,0.01163,-141.13
77500,0.09876,-43.662,0.00936,-96.59,0.0116,-141.27
77600,0.09851,-43.722,0.00936,-96.748,0.01155,-141.45
77700,0.09821,-43.788,0.00939,-96.972,0.01151,-141.59
77800,0.09796,-43.848,0.0094,-97.2,0.01146,-141.73
77900,0.09763,-43.902,0.00941,-97.422,0.01143,-141.9
78000,0.09732,-43.956,0.00943,-97.608,0.0114,-142.04
78100,0.09702,-44.004,0.00944,-97.872,0.01135,-142.22
78200,0.09671,-44.052,0.00946,-98.092,0.01129,-142.4
78300,0.09634,-44.088,0.00947,-98.35,0.01126,-142.57
78400,0.09601,-44.136,0.00948,-98.546,0.01122,-142.69
78500,0.09555,-44.184,0.0095,-98.792,0.01118,-142.9
78600,0.09518,-44.214,0.00951,-99.058,0.01114,-143.06
78700,0.09482,-44.244,0.00951,-99.248,0.01111,-143.24
78800,0.09442,-44.28,0.00952,-99.542,0.01106,-143.45
78900,0.09403,-44.304,0.00954,-99.768,0.01102,-143.61
79000,0.09363,-44.334,0.00954,-99.986,0.01099,-143.76
79100,0.0932,-44.37,0.00955,-100.24,0.01094,-143.95
79200,0.0928,-44.394,0.00956,-100.51,0.01089,-144.16
79300,0.09241,-44.424,0.00957,-100.77,0.01086,-144.29
79400,0.09204,-44.442,0.00956,-101,0.01083,-144.52
79500,0.09164,-44.472,0.00958,-101.26,0.01079,-144.68
79600,0.09122,-44.502,0.00959,-101.51,0.01076,-144.87
79700,0.09085,-44.526,0.00961,-101.77,0.01071,-145.07
79800,0.09049,-44.562,0.00961,-102.06,0.01068,-145.23
79900,0.09015,-44.598,0.00962,-102.36,0.01064,-145.47
80000,0.08978,-44.622,0.00962,-102.59,0.01059,-145.63
80100,0.08945,-44.67,0.00962,-102.86,0.01056,-145.79
80200,0.08905,-44.718,0.00964,-103.18,0.01053,-146.03
80300,0.08878,-44.772,0.00963,-103.48,0.01048,-146.21
80400,0.0885,-44.826,0.00964,-103.71,0.01045,-146.41
80500,0.08826,-44.88,0.00964,-104.05,0.01041,-146.65
80600,0.08804,-44.946,0.00965,-104.31,0.01038,-146.79
80700,0.08783,-45.018,0.00964,-104.59,0.01035,-147.02
80800,0.08765,-45.09,0.00965,-104.89,0.0103,-147.21
80900,0.08749,-45.168,0.00965,-105.19,0.01027,-147.39
81000,0.08737,-45.264,0.00964,-105.51,0.01022,-147.63
81100,0.08725,-45.348,0.00963,-105.75,0.01019,-147.81
81200,0.08716,-45.45,0.00963,-106.07,0.01016,-148.04
81300,0.08707,-45.546,0.00963,-106.35,0.01013,-148.24
81400,0.08701,-45.654,0.00963,-106.63,0.0101,-148.43
81500,0.08698,-45.762,0.00961,-106.92,0.01004,-148.66
81600,0.08691,-45.87,0.00961,-107.22,0.01003,-148.87
81700,0.08688,-45.984,0.00961,-107.54,0.00999,-149.1
81800,0.08685,-46.086,0.0096,-107.81,0.00995,-149.33
81900,0.08682,-46.2,0.00957,-108.11,0.00989,-149.53
82000,0.08676,-46.326,0.00956,-108.44,0.00987,-149.75
82100,0.0867,-46.428,0.00954,-108.72,0.00984,-149.98
82200,0.08664,-46.536,0.00953,-108.99,0.0098,-150.22
82300,0.08658,-46.632,0.00952,-109.32,0.00978,-150.41
82400,0.08649,-46.722,0.0095,-109.64,0.00974,-150.69
82500,0.0864,-46.824,0.00949,-109.98,0.0097,-150.89
82600,0.08627,-46.908,0.00946,-110.25,0.00967,-151.09
82700,0.08615,-46.992,0.00946,-110.56,0.00963,-151.37
82800,0.08603,-47.082,0.00942,-110.94,0.0096,-151.58
82900,0.08588,-47.154,0.00942,-111.2,0.00958,-151.84
83000,0.08572,-47.238,0.00939,-111.52,0.00954,-152.02
83100,0.08557,-47.304,0.00937,-111.86,0.00949,-152.27
83200,0.08539,-47.382,0.00936,-112.16,0.00948,-152.48
83300,0.08521,-47.448,0.00934,-112.5,0.00945,-152.72
83400,0.08502,-47.508,0.00933,-112.81,0.00941,-152.99
83500,0.08481,-47.574,0.0093,-113.16,0.00937,-153.19
83600,0.0846,-47.634,0.00928,-113.51,0.00932,-153.42
83700,0.08432,-47.706,0.00925,-113.81,0.00929,-153.67
83800,0.08414,-47.766,0.00924,-114.17,0.00928,-153.93
83900,0.08392,-47.826,0.00921,-114.5,0.00925,-154.16
84000,0.08374,-47.898,0.00919,-114.87,0.00922,-154.35
84100,0.08356,-47.958,0.00915,-115.21,0.00916,-154.58
84200,0.08337,-48.03,0.00915,-115.53,0.00914,-154.8
84300,0.08322,-48.102,0.00911,-115.92,0.00909,-155.04
84400,0.08304,-48.174,0.00908,-116.23,0.00908,-155.23
84500,0.08289,-48.24,0.00907,-116.59,0.00903,-155.47
84600,0.08276,-48.33,0.00904,-116.94,0.009,-155.72
84700,0.08264,-48.408,0.00902,-117.3,0.00897,-155.94
84800,0.08252,-48.498,0.00898,-117.64,0.00894,-156.19
84900,0.08243,-48.57,0.00895,-118.01,0.00891,-156.39
85000,0.08234,-48.678,0.00893,-118.33,0.00887,-156.65
85100,0.08228,-48.768,0.0089,-118.69,0.00883,-156.9
85200,0.08218,-48.87,0.00888,-119.03,0.0088,-157.08
85300,0.08215,-48.966,0.00885,-119.39,0.00877,-157.32
85400,0.08212,-49.074,0.00882,-119.72,0.00874,-157.58
85500,0.08206,-49.194,0.00879,-120.09,0.0087,-157.79
85600,0.082,-49.29,0.00877,-120.45,0.00867,-158.03
85700,0.08197,-49.392,0.00872,-120.77,0.00864,-158.25
85800,0.08194,-49.5,0.00871,-121.11,0.00861,-158.46
85900,0.08188,-49.596,0.00867,-121.51,0.00858,-158.72
86000,0.08182,-49.698,0.00864,-121.89,0.00853,-158.93
86100,0.08176,-49.794,0.00861,-122.21,0.0085,-159.15
86200,0.0817,-49.89,0.00858,-122.55,0.00847,-159.36
86300,0.0816,-49.98,0.00853,-122.91,0.00844,-159.53
86400,0.08151,-50.058,0.0085,-123.27,0.00841,-159.79
86500,0.08139,-50.148,0.00848,-123.63,0.00836,-160.02
86600,0.08127,-50.232,0.00844,-123.93,0.00833,-160.23
86700,0.08115,-50.31,0.00841,-124.28,0.0083,-160.46
86800,0.08099,-50.376,0.00838,-124.62,0.00827,-160.73
86900,0.08084,-50.442,0.00836,-124.96,0.00824,-160.9
87000,0.08066,-50.514,0.00831,-125.33,0.00819,-161.13
87100,0.08048,-50.568,0.00828,-125.68,0.00816,-161.35
87200,0.08026,-50.634,0.00825,-125.98,0.00813,-161.58
87300,0.08008,-50.7,0.00821,-126.35,0.00809,-161.86
87400,0.07983,-50.748,0.00819,-126.65,0.00806,-162.03
87500,0.07962,-50.802,0.00815,-126.98,0.00803,-162.2
87600,0.07941,-50.85,0.00812,-127.3,0.00798,-162.51
87700,0.07916,-50.892,0.00809,-127.67,0.00795,-162.68
87800,0.07895,-50.946,0.00804,-128.03,0.00792,-162.92
87900,0.07874,-50.988,0.00801,-128.28,0.0079,-163.12
88000,0.07849,-51.03,0.00798,-128.64,0.00784,-163.33
88100,0.07828,-51.084,0.00792,-128.93,0.00781,-163.57
88200,0.07803,-51.126,0.0079,-129.27,0.00778,-163.84
88300,0.07785,-51.18,0.00785,-129.59,0.00775,-164.02
88400,0.07767,-51.234,0.00782,-129.91,0.00772,-164.21
88500,0.07745,-51.288,0.00779,-130.21,0.00768,-164.5
88600,0.07727,-51.348,0.00775,-130.5,0.00764,-164.71
88700,0.07709,-51.414,0.0077,-130.86,0.00761,-164.9
88800,0.0769,-51.474,0.00767,-131.17,0.00757,-165.14
88900,0.07672,-51.552,0.00763,-131.47,0.00755,-165.35
89000,0.07657,-51.618,0.0076,-131.78,0.00751,-165.55
89100,0.07642,-51.696,0.00757,-132.06,0.00746,-165.8
89200,0.07632,-51.774,0.00752,-132.41,0.00745,-166
89300,0.0762,-51.852,0.00748,-132.69,0.0074,-166.2
89400,0.07611,-51.936,0.00745,-132.95,0.00737,-166.47
89500,0.07602,-52.032,0.00741,-133.28,0.00732,-166.68
89600,0.07596,-52.128,0.00736,-133.54,0.00731,-166.89
89700,0.07593,-52.224,0.00732,-133.84,0.00728,-167.1
89800,0.07587,-52.326,0.00727,-134.14,0.00722,-167.36
89900,0.07584,-52.416,0.00724,-134.42,0.0072,-167.57
90000,0.07581,-52.518,0.0072,-134.66,0.00719,-167.79
90100,0.07581,-52.62,0.00717,-134.94,0.00714,-168.01
90200,0.07581,-52.734,0.00713,-135.19,0.0071,-168.28
90300,0.07578,-52.848,0.0071,-135.42,0.00708,-168.51
90400,0.07578,-52.956,0.00706,-135.7,0.00702,-168.72
90500,0.07578,-53.064,0.00702,-135.96,0.00699,-168.95
90600,0.07578,-53.19,0.00697,-136.16,0.00696,-169.18
90700,0.07578,-53.292,0.00694,-136.43,0.00693,-169.41
90800,0.07575,-53.388,0.0069,-136.63,0.0069,-169.63
90900,0.07571,-53.502,0.00686,-136.87,0.00687,-169.87
91000,0.07568,-53.592,0.00682,-137.07,0.00684,-170.11
91100,0.07562,-53.688,0.00677,-137.35,0.00681,-170.27
91200,0.07556,-53.778,0.00674,-137.56,0.00676,-170.51
91300,0.0755,-53.862,0.00671,-137.81,0.00674,-170.75
91400,0.07541,-53.946,0.00666,-137.99,0.0067,-170.93
91500,0.07532,-54.018,0.00662,-138.22,0.00667,-171.16
91600,0.07523,-54.096,0.00658,-138.38,0.00664,-171.41
91700,0.07507,-54.162,0.00655,-138.63,0.00661,-171.59
91800,0.07495,-54.234,0.00651,-138.83,0.00656,-171.84
91900,0.07483,-54.306,0.00647,-139.02,0.00656,-172.04
92000,0.07471,-54.366,0.00643,-139.22,0.00652,-172.28
92100,0.07459,-54.438,0.0064,-139.43,0.00649,-172.46
92200,0.07446,-54.516,0.00635,-139.62,0.00644,-172.73
92300,0.07434,-54.606,0.00632,-139.8,0.00642,-172.92
92400,0.07425,-54.684,0.00628,-140.01,0.00638,-173.1
92500,0.07416,-54.762,0.00625,-140.17,0.00633,-173.36
92600,0.0741,-54.852,0.00621,-140.39,0.00633,-173.57
92700,0.07404,-54.936,0.00616,-140.52,0.0063,-173.77
92800,0.07401,-55.032,0.00613,-140.71,0.00624,-173.96
92900,0.07394,-55.122,0.0061,-140.93,0.00624,-174.25
93000,0.07394,-55.218,0.00606,-141.03,0.00621,-174.44
93100,0.07391,-55.326,0.00602,-141.19,0.00616,-174.65
93200,0.07385,-55.422,0.00599,-141.33,0.00613,-174.85
93300,0.07385,-55.518,0.00596,-141.45,0.0061,-175.07
93400,0.07382,-55.626,0.00592,-141.6,0.00607,-175.35
93500,0.07379,-55.722,0.00588,-141.75,0.00603,-175.49
93600,0.07376,-55.812,0.00584,-141.95,0.00601,-175.7
93700,0.0737,-55.908,0.00581,-142.06,0.00597,-176
93800,0.07364,-56.004,0.00579,-142.18,0.00595,-176.14
93900,0.07358,-56.094,0.00576,-142.26,0.00592,-176.37
94000,0.07346,-56.184,0.00571,-142.43,0.00587,-176.59
94100,0.0733,-56.244,0.00568,-142.51,0.00584,-176.81
94200,0.07318,-56.31,0.00565,-142.67,0.00581,-177.04
94300,0.07303,-56.364,0.00562,-142.76,0.00578,-177.19
94400,0.07285,-56.418,0.00561,-142.88,0.00577,-177.51
94500,0.07263,-56.472,0.00556,-143.01,0.00574,-177.66
94600,0.07242,-56.508,0.00552,-143.15,0.00569,-177.81
94700,0.07217,-56.544,0.00549,-143.16,0.00566,-178.05
94800,0.07193,-56.574,0.00546,-143.29,0.00563,-178.3
94900,0.07166,-56.598,0.00543,-143.39,0.00562,-178.54
95000,0.07141,-56.634,0.00539,-143.52,0.00558,1.293
95100,0.07114,-56.652,0.00537,-143.65,0.00555,1.128
95200,0.07086,-56.676,0.00533,-143.71,0.00552,0.96
95300,0.07056,-56.688,0.00529,-143.82,0.00549,0.705
95400,0.07031,-56.712,0.00526,-143.95,0.00546,0.45
95500,0.07004,-56.736,0.00525,-144.04,0.00543,0.273
95600,0.06976,-56.76,0.00522,-144.1,0.0054,0.099
95700,0.06946,-56.796,0.00517,-144.11,0.00537,-0.075
95800,0.06921,-56.826,0.00515,-144.26,0.00534,-0.342
95900,0.069,-56.856,0.00511,-144.31,0.00531,-0.522
96000,0.06879,-56.904,0.00508,-144.43,0.00529,-0.708
96100,0.06857,-56.94,0.00505,-144.52,0.00525,-0.891
96200,0.06839,-56.982,0.00502,-144.6,0.00522,-1.077
96300,0.06821,-57.03,0.00498,-144.74,0.00519,178.73
96400,0.06805,-57.09,0.00494,-144.87,0.00517,178.54
96500,0.0679,-57.15,0.00492,-144.96,0.00514,178.35
96600,0.06781,-57.222,0.00489,-145.02,0.00511,178.16
96700,0.06769,-57.294,0.00486,-145.2,0.0051,177.96
96800,0.0676,-57.378,0.00483,-145.3,0.00507,177.76
96900,0.06754,-57.462,0.0048,-145.45,0.00504,177.65
97000,0.06747,-57.552,0.00477,-145.49,0.00502,177.45
97100,0.06747,-57.642,0.00473,-145.7,0.00499,177.25
97200,0.06744,-57.744,0.0047,-145.86,0.00494,177.04
97300,0.06744,-57.852,0.00468,-145.98,0.00491,176.92
97400,0.06744,-57.984,0.00464,-146.11,0.0049,176.81
97500,0.06747,-58.092,0.00461,-146.27,0.00487,176.6
97600,0.06751,-58.212,0.00457,-146.42,0.00484,176.38
97700,0.06751,-58.32,0.00454,-146.58,0.00481,176.26
97800,0.06754,-58.434,0.00452,-146.76,0.00478,176.03
97900,0.0676,-58.56,0.0045,-146.9,0.00476,175.91
98000,0.06763,-58.662,0.00445,-147.08,0.00471,175.68
98100,0.06766,-58.77,0.00441,-147.16,0.00468,175.66
98200,0.06769,-58.89,0.00439,-147.23,0.00468,175.43
98300,0.06772,-59.004,0.00436,-147.37,0.00465,175.2
98400,0.06775,-59.1,0.00433,-147.56,0.00462,175.18
98500,0.06775,-59.202,0.0043,-147.69,0.00461,174.94
98600,0.06778,-59.304,0.00427,-147.88,0.00456,174.91
98700,0.06778,-59.406,0.00424,-147.9,0.00453,174.66
98800,0.06775,-59.514,0.00422,-148.14,0.00452,174.62
98900,0.06775,-59.604,0.00419,-148.2,0.00449,174.38
99000,0.06772,-59.694,0.00415,-148.23,0.00446,174.35
99100,0.06769,-59.796,0.00413,-148.41,0.00443,174.1
99200,0.06766,-59.886,0.0041,-148.58,0.00439,174.05
99300,0.0676,-59.976,0.00408,-148.58,0.00436,173.81
99400,0.06754,-60.066,0.00406,-148.8,0.00433,173.65
99500,0.06747,-60.15,0.00403,-148.81,0.00432,173.5
99600,0.06741,-60.228,0.004,-148.98,0.00429,173.45
99700,0.06735,-60.312,0.00398,-149.03,0.00426,173.19
99800,0.06729,-60.384,0.00396,-149.15,0.00424,173.15
99900,0.06723,-60.462,0.00393,-149.16,0.0042,172.98
